keys,sk,en
ui.common.ok,OK,
ui.common.yes,Áno,
ui.common.no,Nie,
ui.common.cancel,Zrušiť,
ui.common.back,Späť,
ui.common.close,Zavrieť,
ui.common.confirm,Potvrdiť,
ui.common.apply,Použiť,
ui.common.on,Zapnuté,
ui.common.off,Vypnuté,
ui.common.loading,Načítava sa…,
ui.common.press_any_key,Stlač ľubovoľný kláves,
ui.menu.new_game,Nová hra,
ui.menu.continue,Pokračovať,
ui.menu.load,Načítať,
ui.menu.save,Uložiť,
ui.menu.settings,Nastavenia,
ui.menu.album,Album,
ui.menu.help,Pomoc,
ui.menu.credits,Autori,
ui.menu.quit,Ukončiť,
ui.menu.new_game_confirm,Začať novú hru? Postup od posledného uloženia sa stratí.,
ui.menu.quit_confirm,Naozaj chceš ukončiť hru?,
ui.menu.version,Verzia {version},
ui.pause.title,Pauza,
ui.pause.resume,Pokračovať v hre,
ui.pause.save,Uložiť hru,
ui.pause.load,Načítať hru,
ui.pause.settings,Nastavenia,
ui.pause.help,Pomoc,
ui.pause.main_menu,Hlavné menu,
ui.pause.main_menu_confirm,Vrátiť sa do hlavného menu? Postup od posledného uloženia sa stratí.,
ui.pause.quit,Ukončiť hru,
ui.pause.quit_confirm,Ukončiť hru? Postup od posledného uloženia sa stratí.,
ui.save.title_save,Uložiť hru,
ui.save.title_load,Načítať hru,
ui.save.manual_section,Uložené hry,
ui.save.autosave_section,Automatické uloženia,
ui.save.slot,Pozícia {n},
ui.save.slot_empty,Prázdna pozícia,
ui.save.autosave,Automatické uloženie {n},
ui.save.checkpoint_finale,Kontrolný bod pred záverom,
ui.save.slot_summary,{place} · {year},
ui.save.saved_at,Uložené {datetime},
ui.save.playtime,Herný čas {time},
ui.save.overwrite_confirm,Prepísať uloženú hru na pozícii {n}?,
ui.save.overwrite,Prepísať,
ui.save.delete,Vymazať,
ui.save.delete_confirm,Naozaj vymazať uloženú hru na pozícii {n}?,
ui.save.load_confirm,Načítať túto hru? Postup od posledného uloženia sa stratí.,
ui.save.saving,Ukladá sa…,
ui.save.saved,Hra je uložená.,
ui.save.save_failed,Hru sa nepodarilo uložiť. Skús to znova alebo vyber inú pozíciu.,
ui.save.cannot_save_now,Teraz sa nedá uložiť. Skús to po dokončení aktuálnej akcie.,
ui.save.corrupted,Chybný súbor uloženia. Rozohraná hra beží ďalej.,
ui.save.corrupted_slot,Chybný súbor uloženia,
ui.save.newer_version,Uloženie pochádza z novšej verzie hry a nedá sa načítať. Rozohraná hra beží ďalej.,
ui.save.migrated,Uloženie zo staršej verzie hry bolo prevedené na novú verziu.,
ui.save.no_saves,Zatiaľ nemáš uloženú žiadnu hru.,
ui.save.export,Exportovať uloženie,
ui.save.import,Importovať uloženie,
ui.save.export_done,Uloženie je exportované.,
ui.save.import_done,Uloženie je importované.,
ui.save.import_failed,Súbor sa nepodarilo importovať. Rozohraná hra beží ďalej.,
ui.settings.title,Nastavenia,
ui.settings.tab_audio,Zvuk,
ui.settings.tab_display,Obraz,
ui.settings.tab_text,Text a titulky,
ui.settings.tab_controls,Ovládanie,
ui.settings.tab_accessibility,Prístupnosť,
ui.settings.language,Jazyk,
ui.settings.language_sk,Slovenčina,
ui.settings.language_en,English,
ui.settings.volume_master,Celková hlasitosť,
ui.settings.volume_music,Hudba,
ui.settings.volume_ambience,Zvuky prostredia,
ui.settings.volume_sfx,Efekty,
ui.settings.volume_voice,Hlasy,
ui.settings.volume_value,{percent} %,
ui.settings.mute_unfocused,"Stlmiť zvuk, keď okno hry nie je aktívne",
ui.settings.text_speed,Rýchlosť textu,
ui.settings.text_speed_slow,Pomalá,
ui.settings.text_speed_normal,Normálna,
ui.settings.text_speed_fast,Rýchla,
ui.settings.text_speed_instant,Okamžitá,
ui.settings.auto_advance,Automatický posun titulkov,
ui.settings.auto_advance_speed,Rýchlosť automatického posunu,
ui.settings.subtitles,Zobrazovať titulky,
ui.settings.subtitle_size,Veľkosť titulkov,
ui.settings.subtitle_size_value,{size} px,
ui.settings.subtitle_preview,Takto budú vyzerať titulky.,
ui.settings.subtitle_background,Kontrastné pozadie titulkov,
ui.settings.speaker_names,Zobrazovať meno hovoriaceho,
ui.settings.window_mode,Zobrazenie,
ui.settings.fullscreen,Celá obrazovka,
ui.settings.windowed,V okne,
ui.settings.vsync,Vertikálna synchronizácia,
ui.settings.hud_scale,Veľkosť rozhrania,
ui.settings.cursor_highlight,Zvýraznený kurzor,
ui.settings.walk_speed,Rýchlosť chôdze,
ui.settings.walk_speed_calm,Pokojná,
ui.settings.walk_speed_brisk,Svižná,
ui.settings.reduced_motion,Obmedziť pohyb,
ui.settings.reduced_motion_desc,"Vypne paralaxu, trasenie a záblesky. Presun časom nahradí stmavnutie s letopočtom.",
ui.settings.high_contrast_labels,Kontrastné menovky objektov,
ui.settings.high_contrast_labels_desc,Popis pri kurzore dostane tmavé pozadie a väčšie písmo.,
ui.settings.hotspot_key_hint,Pripomínať kláves na zobrazenie objektov,
ui.settings.hotspot_key_hint_desc,"Spodný panel pripomenie, že keď podržíš Space, ukážu sa všetky miesta, na ktoré sa dá kliknúť.",
ui.settings.reset_tips,Znova zobraziť úvodné rady,
ui.settings.reset_defaults,Obnoviť predvolené,
ui.settings.reset_confirm,Vrátiť všetky nastavenia na predvolené hodnoty?,
ui.settings.restart_required,Zmena sa prejaví po reštarte hry.,
ui.controls.title,Ovládanie,
ui.controls.left_click,"Ľavý klik – akcia, chôdza, rozhovor",
ui.controls.right_click,"Pravý klik – prezrieť objekt, na voľnom mieste otvoriť inventár",
ui.controls.right_click_selected,Pravý klik s vybratým predmetom – zrušiť výber,
ui.controls.space,Space (podržať) – ukázať značky na všetkých miestach na kliknutie,
ui.controls.double_click,Dvojklik – preskočiť chôdzu (Adam je hneď na mieste),
ui.controls.inventory,I – inventár,
ui.controls.map,M – mapa,
ui.controls.journal,J – denník,
ui.controls.hint,H – nápoveda,
ui.controls.escape,"Esc – preskočiť titulok (dvakrát rýchlo: celý rozhovor), zavrieť panel alebo pozastaviť hru",
ui.controls.enter,Enter – ďalší titulok,
ui.controls.tab,Tab – prechádzať zoznam objektov,
ui.controls.shift_enter,Shift+Enter alebo dvakrát Enter – vykonať akciu a preskočiť chôdzu,
ui.tutorial.left_click,Ľavým klikom vykonáš akciu.,
ui.tutorial.right_click,Pravým klikom prezrieš objekt; na voľnom mieste otvoríš inventár.,
ui.tutorial.space,"Kým držíš Space, značky ukážu všetky miesta, na ktoré môžeš kliknúť.",
ui.tutorial.help_menu,Tieto rady nájdeš aj v menu Pomoc.,
ui.tutorial.touch_tap,Ťuknutím vykonáš akciu.,
ui.tutorial.touch_hold,Podržaním prsta prezrieš objekt.,
ui.tutorial.touch_eye,"Podrž dva prsty na obrazovke alebo použi tlačidlo Oko. Uvidíš všetky miesta, na ktoré môžeš ťuknúť.",
ui.tutorial.got_it,Rozumiem,
ui.hud.inventory,Inventár,
ui.hud.journal,Denník,
ui.hud.map,Mapa,
ui.hud.hint,Nápoveda,
ui.hud.menu,Menu,
ui.hud.show_hotspots,Oko,
ui.hud.hotspots_on,Zobrazené všetky miesta na kliknutie,
ui.hud.hotspots_off,Miesta na kliknutie sú skryté,
ui.hud.hotspot_key_hint,"Podrž Space – ukážu sa miesta, na ktoré sa dá kliknúť",
ui.hud.current_goal,Aktuálny cieľ,
ui.hud.hide_goal,Skryť cieľ,
ui.hud.goal_updated,Nový cieľ v denníku,
ui.inventory.title,Inventár,
ui.inventory.tab_items,Predmety,
ui.inventory.tab_archived,Archivované,
ui.inventory.empty,Inventár je prázdny.,
ui.inventory.archived_empty,Zatiaľ tu nie sú žiadne archivované dokumenty.,
ui.inventory.archived_badge,Archivované,
ui.inventory.selected,Vybraný predmet: {item},
ui.inventory.selection_cleared,Výber zrušený,
ui.inventory.combine,Spojiť predmety,
ui.inventory.combine_hint,Klikni ním na niečo v scéne alebo vyber druhý predmet a spoj ich.,
ui.inventory.look_hint,Pravým klikom predmet prezrieš.,
ui.inventory.item_added,Do inventára pribudlo: {item},
ui.inventory.item_removed,Z inventára ubudlo: {item},
ui.inventory.evidence_returned,Dôkazy sú späť v inventári.,
ui.inventory.scroll_up,Posunúť nahor,
ui.inventory.scroll_down,Posunúť nadol,
ui.inventory.page,{current}/{total},
ui.journal.title,Denník,
ui.journal.tab_goals,Ciele,
ui.journal.tab_findings,Zistenia,
ui.journal.tab_people,Ľudia,
ui.journal.tab_time_map,Mapa času,
ui.journal.tab_album,Album,
ui.journal.main_story,Hlavný príbeh,
ui.journal.side_quests,Vedľajšie úlohy,
ui.journal.state_open,Nezačatá,
ui.journal.state_in_progress,Rozpracovaná,
ui.journal.state_done,Hotová,
ui.journal.pin,Pripnúť,
ui.journal.unpin,Odopnúť,
ui.journal.pinned_main,Pripnutá hlavná úloha,
ui.journal.pinned_side,Pripnutá vedľajšia úloha,
ui.journal.observations,Pozorovania,
ui.journal.clues,Vodidlá,
ui.journal.transcripts,Prepisy rozhovorov,
ui.journal.progress_log,Záznamy postupu,
ui.journal.reward,Odmena: {reward},
ui.journal.empty,Zatiaľ tu nič nie je.,
ui.journal.new_entry,Nový záznam v denníku,
ui.journal.people_empty,Zatiaľ si nikoho nestretol.,
ui.journal.time_map_current,Práve si tu,
ui.journal.time_map_locked,Zatiaľ neotvorené časové okno,
ui.journal.album_empty,"Album sa zaplní, keď pomôžeš ľuďom vo vedľajších úlohách.",
ui.journal.replay_ending,Znova prehrať záver,
ui.map.title,Mapa,
ui.map.node,Uzol,
ui.map.node_tooltip,Rýchly presun k časovému uzlu tohto roku,
ui.map.fast_travel,Rýchly presun,
ui.map.travel_to,Presunúť sa: {place},
ui.map.you_are_here,Tu si,
ui.map.unvisited,Nenavštívené miesto,
ui.map.unreachable,Sem sa teraz nedostaneš.,
ui.map.fast_travel_rule,"Rýchly presun vedie len na navštívené miesta, kam sa práve dá dostať.",
ui.map.sheet_year,Rok {year},
ui.map.legend,Legenda,
ui.map.regions_title,Oblasti,
ui.map.back_to_regions,Späť na oblasti,
ui.map.region_rule,"V rámci oblasti sa presúvaš voľne, do inej oblasti len cez jej zastávku.",
ui.map.region_unvisited,Neznáma oblasť,
ui.map.region_rooms,Miesta: {visited} z {total},
ui.map.region_hub,Zastávka: {hub},
ui.map.hub,Zastávka,
ui.map.via_hub,Do inej oblasti sa dostaneš len cez jej zastávku: {hub}.,
ui.map.travel_by,Presunúť sa: {place} ({transport}),
ui.travel.walk,Pešo,
ui.travel.map_transition,Skrátený presun,
ui.travel.car_transition,Autom,
ui.travel.cable_A6,Kabínkovou lanovkou,
ui.travel.board_funitel,Nástup na Funitel,
ui.travel.arrive_funitel,Výstup z Funitelu,
ui.travel.bus,Autobusom,
ui.travel.tram,Električkou,
ui.travel.card,{transport} · {place},
ui.travel.finish_ride,Dokončiť jazdu,
ui.travel.choose_era,Kam sa presunieš?,
ui.travel.time_node,Hodiny časového uzla – výber obdobia,
ui.travel.era_option,Rok {year},
ui.travel.era_locked,Toto časové okno ešte nie je otvorené.,
ui.travel.era_current,Práve si tu,
ui.travel.jump,Presunúť sa,
ui.travel.new_era_unlocked,Otvorilo sa nové časové okno: {year},
era.1960.card,Ivanka pri Dunaji,
era.1960.date,6. júna 1962,
era.1960.year,1962,
era.1982.card,Dúbravka,
era.1982.date,7. decembra 1982,
era.1982.year,1982,
era.1995.card,Bratislava,
era.1995.date,15. júna 1995,
era.1995.year,1995,
era.2020.card,Chorvátsky Grob a Dúbravka,
era.2020.date,29. októbra 2020,
era.2020.year,2020,
era.2035.card,Jasná,
era.2035.date,6. februára 2035,
era.2035.year,2035,
ui.hint.title,Nápoveda,
ui.hint.level_1,Smer,
ui.hint.level_2,Postup,
ui.hint.level_3,Riešenie,
ui.hint.next,Ďalšia nápoveda,
ui.hint.show_solution,Ukázať presné riešenie,
ui.hint.main_quest,Hlavná úloha,
ui.hint.side_quest,Vedľajšia úloha,
ui.hint.choose_quest,S čím ti mám poradiť?,
ui.hint.none,Teraz nie je k dispozícii žiadna nápoveda.,
ui.hint.all_done,Všetko podstatné je hotové.,
ui.hint.step_place,{room}. Zameraj sa na: {target}.,
ui.hint.step_bag,"Tento krok urobíš v inventári: spoj dva predmety, ktoré už máš.",
ui.difficulty.title,Obťažnosť,
ui.difficulty.pick_title,Nová hra,
ui.difficulty.pick_intro,"Vyber si, ako veľmi ti má nápoveda pomáhať. Obťažnosť mení iba nápovedu a kedykoľvek ju zmeníš v nastaveniach.",
ui.difficulty.start,Začať hru,
ui.difficulty.recommended,odporúčaná,
ui.settings.tab_game,Hra,
ui.settings.difficulty_desc,Platí pre rozohranú hru a uloží sa spolu s ňou.,
ui.settings.difficulty_menu,Obťažnosť si vyberieš pri novej hre. Počas hry ju zmeníš tu a každá uložená hra si pamätá svoju.,
ui.hint.difficulty,Obťažnosť: {difficulty},
ui.hint.level_nudge,Postrčenie,
ui.hint.level_where,Kde hľadať,
ui.hint.standard_end,Viac sa na štandardnej obťažnosti nedozvieš. Presný krok ukáže nápoveda na ľahkej obťažnosti – prepneš na ňu v nastaveniach na karte Hra.,
ui.hint.hard_wait,Do postrčenia zostáva {time}.,
ui.hint.hard_wait_note,Na ťažkej obťažnosti sa nápoveda otvorí po troch minútach bez pokroku.,
ui.hint.hard_wait_button,Ešte nie ({time}),
ui.hint.hard_end,"Na ťažkej obťažnosti je to všetko, čo nápoveda povie.",
ui.hint.hard_no_puzzle,Na ťažkej obťažnosti hádanky riešiš bez pomoci.,
ui.hud.hint_wait,Nápoveda (H): zostáva {time},
ui.difficulty.easy,Ľahká,
ui.difficulty.hard,Ťažká,
ui.difficulty.standard,Štandardná,
ui.difficulty.easy_desc,Nápoveda ukáže aj presný krok a riešenie hádanky ti na požiadanie doplní.,
ui.difficulty.hard_desc,"Iba krátke postrčenie, a to až po troch minútach bez pokroku. Hádanky bez pomoci.",
ui.difficulty.standard_desc,"Nápoveda ťa postrčí a povie, kde hľadať. Riešenie nechá na tebe.",
ui.hint_step.G01,V garáži vezmi servisnú brašnu.,
ui.hint_step.G02,Na výdajnom mieste pri Lúčnom koníku sa s Elou porozprávaj o téme „Babkin nákup“.,
ui.hint_step.G03,Mirin nákupný lístok použi na Danu v potravinách.,
ui.hint_step.G04,Tašku s nákupom polož na stolík pred Mirinou bránkou.,
ui.hint_step.G05,Pod zatvoreným oknom sa s Mirou porozprávaj o téme „Potrebuješ ešte niečo?“,
ui.hint_step.G06,Kľúč od dielne použi na dvere záhradnej dielne.,
ui.hint_step.G07,V predsieni dielne vyber prístroj z mosadzného puzdra.,
ui.hint_step.G08,Servisnú brašnu použi na stolový uzol ZVON v dielni.,
ui.hint_step.G09,V garáži vezmi náhradnú poistku zo zásuvky.,
ui.hint_step.G10,Náhradnú poistku použi na stolový uzol ZVON v dielni.,
ui.hint_step.G11,Na tvarovom paneli spoj každý tvar s rovnakým tvarom podľa schémy nad ním.,
ui.hint_step.B01,Pred školou si prečítaj oznam na nástenke krúžku.,
ui.hint_step.B02,Prenosný chronometer ZVON použi na Tóna vo vstupnej chodbe.,
ui.hint_step.B03,V triede pamäťového krúžku sa s Mirou porozprávaj o téme „Problém s chronometrom“.,
ui.hint_step.B04,Servisnú brašnu použi na kazetový mechanizmus v miestnosti školského rozhlasu.,
ui.hint_step.B05,Rozpadnutý remienok použi na Paliho v jeho opravovni v Karlovej Vsi.,
ui.hint_step.B06,Nový remienok použi na kazetový mechanizmus v miestnosti školského rozhlasu.,
ui.hint_step.B07,Kazetu s rušenými stopami použi na Jura v kazetovom klube v Ružinove.,
ui.hint_step.B08,Servisnú brašnu použi na zaseknutú stolovú váhu u Fera na Miletičovej.,
ui.hint_step.B09,V opravovni odevov sa s Miladou porozprávaj o téme „Návlek na kábel“.,
ui.hint_step.B10,V inventári spoj dvojpólový konektor s krížovým adaptérom.,
ui.hint_step.B11,V inventári spoj textilný izolačný návlek s adaptérom s konektorom.,
ui.hint_step.B12,Hotovú zvukovú prepojku použi na servisný zvukový vstup v miestnosti školského rozhlasu.,
ui.hint_step.B13,Mirino poverenie použi na Karola v archívnej študovni.,
ui.hint_step.B14,Technický fotografický negatív použi na Alenu vo fotoateliéri Svetlo.,
ui.hint_step.B15,Fotografiu kalibračného stojana použi na Vieru v antikvariáte Pod druhou rukou; podľa nej ti dá fóliu K-17.,
ui.hint_step.B16,"V inventári spoj priehľadnú fóliu K-17 s mapou uzlov, fóliu otoč o 180° a potvrď.",
ui.hint_step.B17,Úplnú mapu meracích uzlov použi na Dezidera v jeho garáži v Petržalke.,
ui.hint_step.B18,Na Karloveskom nástupišti sa s Emilom porozprávaj o téme „Metronóm na meranie“.,
ui.hint_step.B19,Pri LEALe si prečítaj rytmický nákres na múre.,
ui.hint_step.B20,Deziderovu meraciu cievku použi na držiak v meracom stánku na Starom moste.,
ui.hint_step.B21,Emilov metronóm polož na stolík s rytmickou značkou pri meracom stánku na Starom moste.,
ui.hint_step.B22,"Keď máš zachránenú kazetu aj úplnú mapu, nastav na meracom stojane v stánku na Starom moste 3–2–6.",
ui.hint_step.I01,Prenosný chronometer ZVON použi na Ota v jeho mechanickej dielni.,
ui.hint_step.I02,Otov výdajný lístok použi na Štefana na dvore dielne.,
ui.hint_step.I03,Servisnú brašnu použi na svorku kulisy v kultúrnej sále.,
ui.hint_step.I04,V inventári spoj Lídin ručný dierovač s predrezanou koženou manžetou.,
ui.hint_step.I05,V inventári spoj dva duté nity s dierovanou manžetou.,
ui.hint_step.I06,Hotovú manžetu použi na demonštračnú ručnú pumpu pred skúšobnou búdkou.,
ui.hint_step.I07,V dielni sa s Otom porozprávaj o téme „Pumpa je opravená“.,
ui.hint_step.I08,Kľúč od meracej miestnosti použi na jej dvere pri ručnej pumpe.,
ui.hint_step.I09,V miestnosti prvého ZVONu sa s Mirou porozprávaj o téme „Mazanie výnimiek v budúcnosti“.,
ui.hint_step.I10,V parku pri kaštieli sa s Verou porozprávaj o téme „Tupé rydlo“.,
ui.hint_step.I11,Na povale technického archívu vezmi voskovaný papier.,
ui.hint_step.I12,Voskovaný hárok použi na kalibračnú mosadznú platňu v miestnosti prvého ZVONu.,
ui.hint_step.I13,V inventári spoj Verino tupé rydlo s nezvýrazneným odtlačkom.,
ui.hint_step.I14,Na pošte vezmi uhlový papier pri prepážke.,
ui.hint_step.I15,V inventári spoj uhlový papier s technickým registračným listom.,
ui.hint_step.I16,Dve vyhotovenia listu použi na Alojza na pošte.,
ui.hint_step.I17,Potvrdený registračný list použi na kovovú archívnu schránku na povale; čitateľný odtlačok musíš mať pri sebe.,
ui.hint_step.C01,Overený odtlačok z roku 1962 použi na Miru pod zatvoreným oknom v Grobe.,
ui.hint_step.D01,Telefón použi na roh dvora so servisným oknom pred školou v roku 2020.,
ui.hint_step.D02,Prenosný chronometer ZVON použi na Tóna pri školníckom servisnom okne v roku 2020.,
ui.hint_step.D03,Vo fyzikálnom kabinete v roku 2020 si prečítaj servisnú knihu z roku 1982.,
ui.hint_step.D04,Kópiu servisného záznamu 1982 použi na rám starých hodín na Dúbravskej zastávke v roku 2020.,
ui.hint_step.E01,Prenosný chronometer ZVON použi na Tóna pri servisnom okne v roku 1982.,
ui.hint_step.E02,Chránenú fotografiu dvora 2020 použi na Tóna pri servisnom okne.,
ui.hint_step.E03,Otov školský výdajný lístok použi na Martu vo výdajni údržbového materiálu; vchod do nej je zo sídliskového obchodu pri zastávke.,
ui.hint_step.E04,Diely návratového mostíka použi na servisnú dosku vo fyzikálnom kabinete v roku 1982.,
ui.hint_step.E05,V sídliskovom obchode sa s Ruženou porozprávaj o téme „Suchý pohár pre školu“.,
ui.hint_step.E06,V inventári spoj nový keramický mostík s pohárom s viečkom a tesnením.,
ui.hint_step.E07,V školskom záhradnom sklade sa so Šimonom porozprávaj o téme „Ochrana mladej lipy“.,
ui.hint_step.E08,Zapečatený pohár s mostíkom použi na servisnú dutinu v múriku na školskom dvore.,
ui.hint_step.E09,Ochrannú ohrádku pre lipu použi na mladú lipu na školskom dvore.,
ui.hint_step.E10,V záhradnom sklade sa znova porozprávaj so Šimonom o téme „Zapíšete lipu aj múrik?“,
ui.hint_step.E11,V roku 1995 sa porozprávaj s Tónom vo vstupnej chodbe a vyber tému s heslom „Lastovička sa vracia“.,
ui.hint_step.D05,"V roku 2020 použi servisnú brašnu na miesto pôvodnej servisnej dutiny na školskom dvore; v múriku vyber rad 2, stĺpec 3.",
ui.hint_step.D06,V inventári použi servisnú brašnu na pohár vyzdvihnutý po 38 rokoch.,
ui.hint_step.D07,Zachovaný návratový mostík použi na Tóna pri školníckom servisnom okne v roku 2020.,
ui.hint_step.C02,Na výdajnom mieste pri Lúčnom koníku sa s Elou porozprávaj o téme „Protokol k babkinej krabici“.,
ui.hint_step.C03,Protokol o odovzdaní použi na Romana na ulici medzi plotmi.,
ui.hint_step.C04,Protokol s Romanovým podpisom použi na Elu na výdajnom mieste.,
ui.hint_step.C05,Potvrdené odovzdanie 2020 použi na stolový uzol ZVON v dielni; mostík musí byť v inventári.,
ui.hint_step.F01,Pred hotelom Grand Jasná sa s Ninou porozprávaj o téme „Prichádzam kvôli fondu Z-17“.,
ui.hint_step.F02,Pôvodnú školskú kazetu použi na Tamaru v lobby hotela Grand Jasná.,
ui.hint_step.F03,Potvrdené odovzdanie 2020 použi na Borisa vo výstavnom salóne hotela; podľa neho nájde fond Z-17.,
ui.hint_step.F04,Katalógovú kartu fondu Z-17 použi na Sáru v klientskom centre Biela Púť.,
ui.hint_step.J02,Spiatočný lístok na oba úseky použi na čítačku platného lístka pri dolnej stanici.,
ui.hint_step.J03,Na Priehybe nastúp na Funitel smer Chopok.,
ui.hint_step.J04,V kabíne Funitelu dokonči jazdu pri vrcholovej stanici za oknom.,
ui.hint_step.F05,Telefón použi na panel normalizácie pri Rotunde.,
ui.hint_step.F06,Lokálnu zvukovú čítačku použi na servisný terminál v pavilóne Atlasu.,
ui.hint_step.F07,Prenosný chronometer ZVON použi na pasívny stojan pri chodníku pri Vrbickom plese.,
ui.hint_step.F08,Miestnu referenčnú stopu použi na servisný terminál v pavilóne Atlasu.,
ui.hint_step.J05,Zachovaný návratový mostík použi na oddelený návratový konektor Atlasu na vyhliadkovej terase.,
ui.hint_step.F09,Na vyhliadkovej terase prepni prepínač zápisu na MONITOR.,
ui.hint_step.F10,V servisnom pavilóne potvrď na servisnom termináli vstup do chronokomory.,
ui.hint_step.F11,Leinu nezmenenú hlasovú správu použi na Viktora v chronokomore.,
ui.hint_step.F12,Overený odtlačok z roku 1962 vlož do portu Pôvod.,
ui.hint_step.F13,Pôvodnú školskú kazetu vlož do portu Hlas.,
ui.hint_step.F14,Potvrdené odovzdanie 2020 vlož do portu Súhlas.,
ui.hint_step.F15,Podpísaný obnovovací postup vlož do portu Návrat.,
ui.hint_step.F16,"Na paneli obnovy priraď roky: Pôvod 1962, Hlas 1995, Súhlas 2020, Návrat 2035.",
ui.hint_step.F17,Na paneli obnovy potvrď obnovu záznamov.,
ui.hint_step.Q1A,Na ulici medzi plotmi sa s Lenkou porozprávaj o téme „Čo je s Bodkom?“,
ui.hint_step.Q1B,Pri retenčnej nádrži vezmi červenú loptičku.,
ui.hint_step.Q1C,Bodkovu loptičku použi na Lenku na ulici medzi plotmi.,
ui.hint_step.Q2A,Pri výveske v Čiernej Vode sa s pánom Jozefom porozprávaj o téme „Pomôcť vám s oznamom?“,
ui.hint_step.Q2B,Na výdajnom mieste sa s Elou porozprávaj o téme „Máš oznam veľkým písmom?“,
ui.hint_step.Q2C,Veľký čitateľný oznam použi na komunitnú vývesku v Čiernej Vode.,
ui.hint_step.Q3A,Na školskom dvore sa so Soňou porozprávaj o téme „Hľadáš nejakú fotografiu?“,
ui.hint_step.Q3B,Pri kiosku sa so Zitou porozprávaj o téme „Máte obálku pre školu?“,
ui.hint_step.Q3C,Obálku s tímovým negatívom použi na Alenu vo fotoateliéri Svetlo.,
ui.hint_step.Q3D,Fotografiu družstva použi na Soňu na školskom dvore.,
ui.hint_step.Q4A,Na Karloveskom nástupišti sa s Emilom porozprávaj o téme „Prečo tá melódia nekončí?“,
ui.hint_step.Q4B,V antikvariáte sa s Vierou porozprávaj o téme „Máte Emilove noty?“,
ui.hint_step.Q4C,Noty k Emilovej skladbe použi na Emila na Karloveskom nástupišti.,
ui.hint_step.Q5A,V petržalskom podchode sa s Jurajom porozprávaj o téme „Čo chýba mape svetiel?“,
ui.hint_step.Q5B,"Keď ťa školník zapíše ako návštevu, porozprávaj sa s Tónom vo vstupnej chodbe o téme „Kúsok kriedy na panel?“",
ui.hint_step.Q5C,Bielu školskú kriedu použi na povolený výtvarný panel v podchode.,
ui.hint_step.Q6A,Na pošte sa s Alojzom porozprávaj o téme „Kde je váš holub?“,
ui.hint_step.Q6B,Na dvore dielne sa so Štefanom porozprávaj o téme „Krmivo pre Bélu“.,
ui.hint_step.Q6C,Hrsť semien pre Bélu použi na poštového holuba v parku pri kaštieli.,
ui.hint_step.Q6D,Na pošte sa znova porozprávaj s Alojzom o téme „Bélov návrat“.,
ui.hint_step.Q7A,V kultúrnej sále sa s Rudom porozprávaj o téme „Môžem pomôcť so scenárom?“,
ui.hint_step.Q7B,Na povale technického archívu vezmi ochotnícky scenár.,
ui.hint_step.Q7C,Rudov scenár použi na Ruda v kultúrnej sále.,
ui.hint_step.Q8A,Pri dolnej stanici sa s Očkom porozprávaj o téme „Kam máte doručiť balík?“,
ui.hint_step.Q8B,Pri Vrbickom plese si prezri lavičku so psom.,
ui.hint_step.Q8C,Očkovu doručovaciu požiadavku použi na Tamaru v lobby hotela Grand Jasná.,
ui.hint_step.Q8D,Potvrdenie opravovne použi na Očka pri dolnej stanici.,
ui.hint_step.Q9A,V triede pred výstavkou v roku 1982 sa s Janou porozprávaj o téme „Janin vlastný návrh“.,
ui.hint_step.Q9B,Janinu pôvodnú schému použi na učiteľa Dobroviča.,
ui.hint_step.Q9C,Schému s povolením na výstavku použi na Janu.,
ui.hint_step.Q9D,Vo fyzikálnom kabinete v roku 1995 sa s Janou porozprávaj o téme „Čo bolo s vašou schémou?“,
ui.hint_step.Q9E,Vo fyzikálnom kabinete v roku 2020 sa s Janou porozprávaj o téme „Čo robíte s notebookmi?“,
ui.hint_step.Q9F,"Vo výstavnom salóne hotela Grand Jasná sa s Janou porozprávaj o téme „Jana, čo je s vašou schémou?“",
hint.nudge.G01,Dnes idem babke na nákup a potom do jej dielne. Bez náradia z domu nevyrazím.,
hint.where.G01,"Hneď tu, v mojej garáži.",
hint.nudge.G02,"Babkin nákup nevybavím sám. Kto komu v obci nosí nákup, to vedia na výdajnom mieste.",
hint.where.G02,Na výdajnom mieste pri Lúčnom koníku.,
hint.nudge.G03,"Babkin lístok mám, tašku s nákupom zatiaľ nie. Vraj už na mňa niekde čaká pripravená.",
hint.where.G03,"V potravinách cez okienko, u Dany.",
hint.nudge.G04,"Taška je plná. Babkine pravidlo znie: do domu nechodím, nákup nechám vonku.",
hint.where.G04,Pri Mirinej bránke.,
hint.nudge.G05,"Nákup je doručený. Babka mi ešte niečo chcela povedať, ale až pri okne.",
hint.where.G05,Pod babkiným zatvoreným oknom. Cez sklo ma nepočuje.,
hint.nudge.G06,V babkinej dielni sa ozýva odpojený prístroj. A kľúč od nej už nosím pri sebe.,
hint.where.G06,Dielňa stojí v záhrade za Mirinou bránkou.,
hint.nudge.G07,"V predsieni leží niečo, čo vyzerá veľmi dôležito, a pritom to nie je zamknuté.",
hint.where.G07,V predsieni záhradnej dielne.,
hint.nudge.G08,"Stolový uzol nesvieti. Dobrý opravár najprv zistí prečo, až potom niečo mení.",
hint.where.G08,"V zadnej miestnosti dielne, kde stojí ZVON.",
hint.nudge.G09,Prepálenú poistku mám v ruke. Rovnakú náhradu mám určite niekde doma.,
hint.where.G09,V mojej garáži.,
hint.nudge.G10,"Náhradná poistka má rovnaké hodnoty ako prepálená. Patrí presne tam, odkiaľ som tú starú vybral.",
hint.where.G10,V zadnej miestnosti babkinej dielne.,
hint.nudge.G11,"Prístroj chce tri referenčné tvary. Vyzerá to ako stavebnica pre škôlkarov, len drahšia.",
hint.where.G11,"Na farbách nezáleží, rozhoduje tvar. Schéma nad panelom ukazuje, čo patrí k čomu.",
hint.nudge.B01,"Prístroj ma poslal pred moju starú školu. Skôr než niekam vtrhnem, zistím, čo sa tu dnes deje.",
hint.where.B01,"Pred ZŠ Sokolíkova, pri nástenke.",
hint.nudge.B02,Hlásiť sa treba u školníka. Cudzieho človeka z ulice však len tak ďalej nepustí.,
hint.where.B02,"Vo vstupnej chodbe školy, u školníka.",
hint.nudge.B03,"Ten prístroj je babkin. Ak niekto vie, čo sa s ním deje, je to ona, aj v roku 1995.",
hint.where.B03,V triede pamäťového krúžku na konci chodby.,
hint.nudge.B04,Babka chce kazetu zo školského rozhlasu. Magnetofón ju však drží a nechce ju pustiť.,
hint.where.B04,"V miestnosti školského rozhlasu, pri magnetofóne.",
hint.nudge.B05,"Remienok sa rozpadol na kúsky. Rovnaký zoženiem len v opravovni, kde majú remienky po zásuvkách.",
hint.where.B05,V opravovni v Karlovej Vsi.,
hint.nudge.B06,Nový remienok je presne na mieru. Starý som vyťahoval z jedného tvrdohlavého magnetofónu.,
hint.where.B06,Späť v miestnosti školského rozhlasu.,
hint.nudge.B07,"Hlasy na páske takmer nepočuť. Pali spomínal niekoho, kto s páskami vie čarovať.",
hint.where.B07,"V kazetovom klube v Ružinove, u Jura.",
hint.nudge.B08,Adaptéru chýba konektor a ten má Fero. Opravár sa na trhu vždy zíde.,
hint.where.B08,"Na Miletičovej medzi stánkami, u Fera.",
hint.nudge.B09,"Holé vývody do školského rozhlasu nezapojím. Juro vravel, kto má izolačný návlek.",
hint.where.B09,"V opravovni odevov vedľa trhu, u Milady.",
hint.nudge.B10,"Všetky diely prepojky mám. Teraz ich treba poskladať, kontakty majú zhodné značky.",
hint.where.B10,"Toto poskladám z vecí, ktoré už nosím v brašni.",
hint.nudge.B11,"Kontakty sedia, ale vývody sú holé. Bez izolácie to do školského rozhlasu nezapojím.",
hint.where.B11,"Aj toto doladím v brašni, nikam nemusím chodiť.",
hint.nudge.B12,"Prepojka je hotová. Kazetu treba prehrať tak, aby sa stopy nerušili, a nič na ňu nenahrať.",
hint.where.B12,"V miestnosti školského rozhlasu, pri magnetofóne.",
hint.nudge.B13,Babka mi dala poverenie. S ním mi niekde v centre vydajú kópiu mapy.,
hint.where.B13,"V archívnej študovni v Starom Meste, u pána Mertu.",
hint.nudge.B14,Číslo chýbajúcej fólie je na negatíve. Ten však musí najprv niekto vyvolať.,
hint.where.B14,Vo fotoateliéri Svetlo na druhej strane námestia.,
hint.nudge.B15,"Na fotke je číslo K-17. Alena vravela, kto má staré mapové prílohy.",
hint.where.B15,"V antikvariáte Pod druhou rukou, u Viery.",
hint.nudge.B16,"Mapa je takmer celá. Chýbajúca vrstva je už v brašni, len ešte nesedí.",
hint.where.B16,"Dierka na dierku, kríž na kríž, štvorec na štvorec. Keď značky nesedia, fóliu otoč.",
hint.nudge.B17,"Mapa je celá. Teraz ju musí prečítať niekto, kto ju kedysi pomáhal kresliť.",
hint.where.B17,Mapa vedie do jednej garáže v Petržalke.,
hint.nudge.B18,"Na meranie treba rytmus, ktorý nezávisí od prúdu. Dezider vravel, kto má metronóm.",
hint.where.B18,"Na Karloveskom nástupišti, u Emila.",
hint.nudge.B19,Tri číslice pre stojan babka nenapísala ako čísla. Namaľovala ich ako obrázok.,
hint.where.B19,"Pri LEALe, na múre.",
hint.nudge.B20,Dezider mi dal cievku. Bez nej sa na mieste merania nič nenameria.,
hint.where.B20,V meracom stánku na Starom moste.,
hint.nudge.B21,"Metronóm mám. Meranie potrebuje rytmus a rovné miesto, kde ho nič nerozhýbe.",
hint.where.B21,"Pri meracom stánku na Starom moste, vedľa stojana.",
hint.nudge.B22,"Stojan chce tri číslice, ktoré babka na múr nakreslila. Kazetu a mapu pritom musím mať pri sebe.",
hint.where.B22,"Každé koliesko je jedna číslica z rytmického nákresu: vlny, údery, dieliky, v tomto poradí.",
hint.nudge.I01,"Som v Ivanke v roku 1962. ZVON odtiaľto pochádza, tak hľadám dielňu, kde ho stavali.",
hint.where.I01,V mechanickej dielni v Ivanke.,
hint.nudge.I02,Oto mi dal lístok na kožu a nity. Materiál tu vydávajú len na lístok s podpisom.,
hint.where.I02,"Na dvore hospodárskej dielne, u skladníka.",
hint.nudge.I03,"Dierovač má Lída v sále. Podľa Ota mi ho požičia, ak jej s niečím pomôžem.",
hint.where.I03,"V kultúrnej sále, kde sa chystá skúška.",
hint.nudge.I04,"Koža na manžetu je predrezaná, ale vyznačené otvory ešte nie sú prerazené.",
hint.where.I04,"To spravím v brašni s tým, čo už mám pri sebe.",
hint.nudge.I05,Otvory sú prerazené. Manžeta však zatiaľ drží pokope len dobrou vôľou.,
hint.where.I05,Aj toto dokončím v brašni.,
hint.nudge.I06,"Manžeta je hotová. Zostáva vrátiť sa k tomu, čo bez nej netesní.",
hint.where.I06,Pred búdkou za parkom.,
hint.nudge.I07,"Voda znova obieha. To by mal vedieť ten, kto drží kľúč od meracej miestnosti.",
hint.where.I07,"V mechanickej dielni, u Ota.",
hint.nudge.I08,Kľúč od meracej miestnosti mám. Jej dvere som dnes už videl.,
hint.where.I08,Pred búdkou za parkom.,
hint.nudge.I09,"Za dverami pracuje mladá babka. Musím jej povedať, čo sa v budúcnosti robí s pôvodnými údajmi.",
hint.where.I09,"V meracej miestnosti, u mladej Miry.",
hint.nudge.I10,"Na odtlačok treba aj tupé rydlo. Mira vravela, kto ho nosí v puzdre.",
hint.where.I10,"V parku pri kaštieli, u Very na lavičke.",
hint.nudge.I11,"Odtlačok sa nerobí na hocijaký papier. Mira vie, kde leží ten správny.",
hint.where.I11,Na povale technického archívu.,
hint.nudge.I12,Platňa musí zostať na mieste. Odnesiem si iba jej odtlačok.,
hint.where.I12,V miestnosti prvého ZVONu.,
hint.nudge.I13,"Reliéf je na papieri, ale hrany sú slabé. Na zvýraznenie hrán mám požičaný nástroj.",
hint.where.I13,To dorobím v brašni.,
hint.nudge.I14,Registračný list musím mať dvakrát a presne rovnako. Prepisovať ho rukou nebudem.,
hint.where.I14,"Na pošte, pri prepážke.",
hint.nudge.I15,"Druhé vyhotovenie listu si urobím sám. Všetko, čo na to treba, už mám pri sebe.",
hint.where.I15,To urobím v brašni.,
hint.nudge.I16,Oba listy sú rovnaké. Dátum im však musí potvrdiť niekto s pečiatkou.,
hint.where.I16,"Na pošte, u pána Barana za prepážkou.",
hint.nudge.I17,"List je potvrdený. Teraz ho treba uložiť tak, aby prežil desaťročia. Odtlačok si nechám pri sebe.",
hint.where.I17,Na povale technického archívu.,
hint.nudge.C01,"Odtlačok z roku 1962 je overený. Čo ďalej, bude vedieť babka, aj keď ju uvidím len cez sklo.",
hint.where.C01,"V Grobe, pod babkiným zatvoreným oknom.",
hint.nudge.D01,"Babka chcela, aby som si zapamätal školský dvor presne taký, aký je dnes. Pamäti neverím, telefónu áno.",
hint.where.D01,Pred školou na Sokolíkovej v roku 2020.,
hint.nudge.D02,"Tóno vie, že prídem po babkine veci. Ešte mu ukážem, že nie som hocikto z ulice.",
hint.where.D02,Pri školníckom servisnom okne v roku 2020.,
hint.nudge.D03,Mostík postavil Oto v roku 1982. Taký majster si určite všetko zapísal.,
hint.where.D03,Vo fyzikálnom kabinete v roku 2020.,
hint.nudge.D04,"Záznam má presný dátum. Na cestu do toho roku mi chýbajú hodiny, ktoré ho pamätajú.",
hint.where.D04,Na Dúbravskej zastávke v roku 2020.,
hint.nudge.E01,"V roku 1982 pomáhal Otovi malý Tóno. Prístroj, ktorý nosím, by mohli spoznať obaja.",
hint.where.E01,"Pri servisnom okne školy v roku 1982, u Tóna a jeho deda.",
hint.nudge.E02,"Dvanásťročnému chlapcovi nestačí povedať, že som z budúcnosti. Musí to vidieť.",
hint.where.E02,"Pri servisnom okne, u malého Tóna.",
hint.nudge.E03,Oto podpísal lístok na diely mostíka. Teraz mi ich niekto musí vydať.,
hint.where.E03,Vo výdajni školského materiálu. Vchádza sa do nej cez sídliskový obchod pri zastávke.,
hint.nudge.E04,Diely aj Otov nákres mám. Mostík sa však sám nezloží a na kolenách ho skladať nebudem.,
hint.where.E04,Vo fyzikálnom kabinete v roku 1982.,
hint.nudge.E05,"Mostík bude v múriku čakať desaťročia. Potrebuje suchý obal, ktorý sa dá poriadne zavrieť.",
hint.where.E05,V sídliskovom obchode pri zastávke.,
hint.nudge.E06,"Mostík nesmie zvlhnúť. Všetko, čo ho ochráni, už nosím v brašni.",
hint.where.E06,"Toto urobím v brašni, nikam nemusím chodiť.",
hint.nudge.E07,"Na mojej fotke z roku 2020 tu lipa nie je. Vozík, čo jazdí tesne pri nej, jej nepomáha.",
hint.where.E07,V školskom záhradnom sklade pri dvore.,
hint.nudge.E08,"Pohár je zapečatený. Oto spomínal miesto, kde zostane do roku 2020 nedotknutý.",
hint.where.E08,Na školskom dvore s mladou lipou.,
hint.nudge.E09,Diely ohrádky nosím so sebou. Na dvore však zatiaľ nič nechránia.,
hint.where.E09,Na školskom dvore s mladou lipou.,
hint.nudge.E10,"Ohrádka stojí a pohár je ukrytý. Aby to prežilo ďalšie úpravy dvora, niekto to musí zapísať.",
hint.where.E10,"V záhradnom sklade, u Šimona.",
hint.nudge.E11,"Malý Tóno chcel, aby som mu pri ďalšom stretnutí povedal dohodnutú vetu. V roku 1995 je z neho školník.",
hint.where.E11,"V roku 1995 vo vstupnej chodbe školy, u Tóna.",
hint.nudge.D05,"Pohár čaká v múriku na dvore od roku 1982. Tónove nákresy presne hovoria, za ktorým kameňom.",
hint.where.D05,"Nákres aj Tónova poznámka platia aj v roku 2020: rad počítaj zhora, kameň zľava.",
hint.nudge.D06,Pohár je von a tesnenie drží. Viečko však po toľkých rokoch holou rukou nepovolí.,
hint.where.D06,"Toto urobím v brašni, nikam nemusím chodiť.",
hint.nudge.D07,"Mostík prežil. Prvý by ho mal vidieť ten, kto si to miesto pamätal celý život.",
hint.where.D07,"Pri školníckom servisnom okne v roku 2020, u Tóna.",
hint.nudge.C02,"Babka chcela, aby sme s Elou dotiahli papiere k jej krabici. Tie papiere stále chýbajú.",
hint.where.C02,"Na výdajnom mieste pri Lúčnom koníku, u Ely.",
hint.nudge.C03,Na protokole chýbajú podpisy. Krabicu predsa niekto vlastnými rukami niesol.,
hint.where.C03,"Na ulici medzi plotmi, pri Romanovej dodávke.",
hint.nudge.C04,"Roman podpísal prevzatie. Druhý podpis patrí tej, ktorá krabicu vydala.",
hint.where.C04,"Na výdajnom mieste, u Ely.",
hint.nudge.C05,"Dôkazy sú pokope. Prístroj, s ktorým sa to celé začalo, by mal vedieť, čo s nimi.",
hint.where.C05,V babkinej záhradnej dielni.,
hint.nudge.F01,Babkin fond Z-17 skončil v Atlase v Jasnej. Niekto tam za ten fond musí zodpovedať.,
hint.where.F01,Pred hotelom Grand Jasná.,
hint.nudge.F02,"Kazetu z roku 1995 bez čítačky s ničím neporovnám. Nina vravela, kto mi ju požičia.",
hint.where.F02,"V lobby hotela Grand Jasná, u Tamary.",
hint.nudge.F03,"Kartu fondu Z-17 mi vydajú, keď ukážem, že babkinu krabicu vždy odovzdali tak, ako mali.",
hint.where.F03,"Vo výstavnom salóne hotela, u Borisa.",
hint.nudge.F04,"Na lanovku a do pavilónu potrebujem preukaz aj lístok. Nina vravela, kto ich vybavuje.",
hint.where.F04,"V klientskom centre Biela Púť, u Sáry.",
hint.nudge.J02,Lístok mám. Pavilón je hore pri Rotunde a pešo sa tam dnes nevyberiem.,
hint.where.J02,Pri dolnej stanici na Bielej Púti.,
hint.nudge.J03,"Prvý úsek mám za sebou. Na Chopok sa ide ďalej, len inou lanovkou.",
hint.where.J03,"Na Priehybe, pri nástupe na Funitel.",
hint.nudge.J04,"Kabína ide hore. Vystúpiť sa dá, až keď dorazí do vrcholovej stanice.",
hint.where.J04,"V kabíne Funitelu, pri okne.",
hint.nudge.F05,"Nina hovorila, že prístroj záznamy zarovnáva. Podľa akého pravidla? To by som chcel mať čierne na bielom.",
hint.where.F05,Pri Rotunde na Chopku.,
hint.nudge.F06,"Mám kazetu, odtlačok aj fotku pravidla. Treba porovnať pôvodný hlas s tým, čo z neho ostalo.",
hint.where.F06,V servisnom pavilóne Atlasu pri Rotunde.,
hint.nudge.F07,"Terminálu ešte chýba miestna stopa. Nina povedala, kde ju zachytím bez jediného zásahu.",
hint.where.F07,"Pri Vrbickom plese, pri chodníku. Lanovkami dole a od hotela pešo.",
hint.nudge.F08,Stopa z plesa je v chronometri. Nina ju potrebuje vidieť hore v pavilóne.,
hint.where.F08,"V servisnom pavilóne Atlasu, pri termináli.",
hint.nudge.J05,"Prepínač nič nezmení, kým nebude návrat bezpečný. Na to som si v roku 1982 niečo odložil.",
hint.where.J05,Na vyhliadkovej terase pri Rotunde.,
hint.nudge.F09,Návrat je istený. Teraz treba zastaviť samotné mazanie. Nina povedala ako.,
hint.where.F09,"Na vyhliadkovej terase, pri prepínači.",
hint.nudge.F10,"Zápis stojí. Systém ma pustí do komory za Viktorom, až keď mu to potvrdím.",
hint.where.F10,"V servisnom pavilóne, pri termináli.",
hint.nudge.F11,"Viktor musí počuť, čo jeho systém zahodil. Celé, aj s pauzami.",
hint.where.F11,"V chronokomore, u Viktora.",
hint.nudge.F12,"Štyri porty, štyri dôkazy. Prvý patrí tomu, ako sa to celé začalo.",
hint.where.F12,"V chronokomore, pri portoch panelu obnovy.",
hint.nudge.F13,"Ďalší port chce hlas. Originál, nie zhrnutie.",
hint.where.F13,"V chronokomore, pri portoch panelu obnovy.",
hint.nudge.F14,"Ďalší port chce dôkaz, že babka s presunom svojho fondu súhlasila.",
hint.where.F14,"V chronokomore, pri portoch panelu obnovy.",
hint.nudge.F15,"Posledný port patrí tomu, ako veci vrátiť späť. Ten papier podpísala Nina.",
hint.where.F15,"V chronokomore, pri portoch panelu obnovy.",
hint.nudge.F16,Panel chce ku každému portu rok. Každý dôkaz si ten svoj nesie so sebou.,
hint.where.F16,"Ku každému portu patrí rok dôkazu, ktorý v ňom je. Pomôžu predmety a zápisník.",
hint.nudge.F17,Všetko je na svojom mieste. Zostáva posledné potvrdenie a potom domov.,
hint.where.F17,"V chronokomore, pri paneli obnovy.",
hint.nudge.Q1A,"Susedin pes vyzerá smutnejšie, než by mal. Niečo mu chýba.",
hint.where.Q1A,"Na ulici medzi plotmi, pri susede so psom.",
hint.nudge.Q1B,"Bodka stratil loptičku. Lenka vie, kde ju naposledy videla.",
hint.where.Q1B,"Pri retenčnej nádrži v Čiernej Vode, kde končí cyklochodník.",
hint.nudge.Q1C,Loptička je suchá a poriadne obhryzená. Niekomu chlpatému už určite chýba.,
hint.where.Q1C,"Na ulici medzi plotmi, u Lenky.",
hint.nudge.Q2A,Starší pán pri výveske sa márne snaží niečo prečítať.,
hint.where.Q2A,Pri výveske v Čiernej Vode.,
hint.nudge.Q2B,Pán Jozef potrebuje oznam na papieri a veľkými písmenami. Oznamy v obci chystá Ela.,
hint.where.Q2B,"Na výdajnom mieste pri Lúčnom koníku, u Ely.",
hint.nudge.Q2C,"Oznam veľkým písmom mám. Pán Jozef si ho prečíta, len keď bude visieť tam, kam sa pozerá.",
hint.where.Q2C,Pri výveske v Čiernej Vode.,
hint.nudge.Q3A,Dievča na školskom dvore listuje v albume a niečo v ňom chýba.,
hint.where.Q3A,Na školskom dvore.,
hint.nudge.Q3B,Soňa hľadá fotku celého družstva. Zabudnutá obálka s ňou vraj skončila pri kiosku.,
hint.where.Q3B,"Pri kiosku na sídliskovom dvore, u Zity.",
hint.nudge.Q3C,V obálke je len negatív. Do albumu treba fotografiu.,
hint.where.Q3C,"Vo fotoateliéri Svetlo, u Aleny.",
hint.nudge.Q3D,"Fotka je hotová a je na nej celé družstvo. Aj jeden chlapec, ktorého poznám zo zrkadla.",
hint.where.Q3D,"Na školskom dvore, u Sone.",
hint.nudge.Q4A,Muzikant na nástupišti hrá stále tú istú melódiu a nikdy ju nedohrá.,
hint.where.Q4A,"Na Karloveskom nástupišti, u muzikanta.",
hint.nudge.Q4B,"Emil zabudol, ako jeho skladba končí. Noty by mohli ležať tam, kam sa dostanú staré knihy.",
hint.where.Q4B,"V antikvariáte Pod druhou rukou, u Viery.",
hint.nudge.Q4C,Noty sa našli. Štyri zastávky môžu konečne dôjsť až na koniec.,
hint.where.Q4C,"Na Karloveskom nástupišti, u Emila.",
hint.nudge.Q5A,Mladý maliar v Petržalke stojí pred nedokončeným panelom a niečo mu chýba.,
hint.where.Q5A,"V Petržalke, pri nedokončenom paneli.",
hint.nudge.Q5B,Jurajovi chýba biela krieda. Školy jej majú celé krabice a školník ich má pod kľúčom.,
hint.where.Q5B,"V škole na Sokolíkovej, u školníka Tóna.",
hint.nudge.Q5C,"Kriedu mám aj s povolením. Juraj má skicu, chýbajú len svetlá v oknách.",
hint.where.Q5C,"V petržalskom podchode, kde maľuje Juraj.",
hint.nudge.Q6A,"Pán za poštovou prepážkou vyzerá, akoby mu niekto chýbal.",
hint.where.Q6A,Na pošte v Ivanke.,
hint.nudge.Q6B,"Béla nepriletí na obyčajné zrno. Jeho zmes bude mať ten, kto v Ivanke vydáva materiál.",
hint.where.Q6B,"Na dvore hospodárskej dielne, u skladníka.",
hint.nudge.Q6C,"Bélovu zmes mám. Naháňať ho nebudem, stačí ho nájsť.",
hint.where.Q6C,V parku pri kaštieli.,
hint.nudge.Q6D,"Béla odletel smerom k pošte. Pán Baran by mal vedieť, že je späť.",
hint.where.Q6D,"Na pošte, u pána Barana za prepážkou.",
hint.nudge.Q7A,Herec v sále drží dramatickú pauzu podozrivo dlho. Akoby mu niečo chýbalo.,
hint.where.Q7A,"V Ivanke, kde sa chystá divadelná skúška.",
hint.nudge.Q7B,"Rudo stratil scenár tam, kde kreslila Mira.",
hint.where.Q7B,Na povale pri meracej miestnosti.,
hint.nudge.Q7C,Scenár sa našiel. Bez neho skúška nezačne.,
hint.where.Q7C,"V kultúrnej sále, u Ruda.",
hint.nudge.Q8A,Doručovací robot pri stanici stojí v snehu s balíkom a nehýbe sa.,
hint.where.Q8A,Pri dolnej stanici na Bielej Púti.,
hint.nudge.Q8B,"Adresa na balíku nie je ulica, ale opis miesta. Treba sa ísť pozrieť, čo tam je dnes.",
hint.where.Q8B,"Pri Vrbickom plese, na chodníku.",
hint.nudge.Q8C,"Putovná dielňa už pri plese nie je. Pri lavičke som sa dozvedel, kam sa presunula.",
hint.where.Q8C,V lobby hotela Grand Jasná.,
hint.nudge.Q8D,Príjemkyňa je overená. Očko stále stojí v snehu a čaká na správu.,
hint.where.Q8D,"Pri dolnej stanici na Bielej Púti, u Očka.",
hint.nudge.Q9A,Dievča v triede schováva svoj návrh pod vzorovou schémou.,
hint.where.Q9A,V jednej triede školy v roku 1982.,
hint.nudge.Q9B,"Jana súhlasí, aby jej návrh videl učiteľ. Aj s poznámkami.",
hint.where.Q9B,"V tej istej triede, u učiteľa Dobroviča.",
hint.nudge.Q9C,Učiteľ schválil Janin návrh na výstavku. Jana to ešte nevie.,
hint.where.Q9C,"V triede pred výstavkou, u Jany.",
hint.nudge.Q9D,"Zaujíma ma, čo z Janinho návrhu zostalo o trinásť rokov neskôr.",
hint.where.Q9D,Vo fyzikálnom kabinete v roku 1995.,
hint.nudge.Q9E,"Aj v roku 2020 by som sa Jany rád spýtal, čo robí.",
hint.where.Q9E,Vo fyzikálnom kabinete v roku 2020.,
hint.nudge.Q9F,"Jana chcela mať raz celý zošit schém. V roku 2035 by som rád videl, čo z neho vzniklo.",
hint.where.Q9F,Vo výstavnom salóne hotela Grand Jasná.,
hint.nudge.Q10A,"Malá Zuzana má v tráve zvonček, ktorý necinká.",
hint.where.Q10A,"V Ivanke v parku, u Zuzany.",
hint.nudge.Q10B,Zuzana napísala lístok na kúsok kože. Kto v Ivanke vydáva materiál na lístok?,
hint.where.Q10B,"Na dvore hospodárskej dielne, u skladníka.",
hint.nudge.Q10C,"Zvonček potrebuje nové pútko. Všetko, čo na to treba, už nosím pri sebe.",
hint.where.Q10C,To opravím v brašni.,
hint.nudge.Q10D,"Zvonček znova zvoní. Škoda, že prvé zazvonenie počujem iba ja.",
hint.where.Q10D,"V parku pri kaštieli, u Zuzany.",
hint.nudge.Q11A,Chlapec s bicyklom ťuká do zvončeka a zvonček mlčí.,
hint.where.Q11A,"Pri LEALe, na dvore medzi blokmi.",
hint.nudge.Q11B,"Zo zvončeka odskočil kus. Zuzana videla, kam sa zakotúľal.",
hint.where.Q11B,"Pri LEALe, pod pichľavým stromom, kde končia lopty.",
hint.nudge.Q11C,Vrchnák mám. Bez neho zvonček na konci roka nezazvoní.,
hint.where.Q11C,"Pri LEALe, u Kuba.",
ui.puzzle.confirm,Potvrdiť,
ui.puzzle.reset,Začať odznova,
ui.puzzle.close,Zavrieť,
ui.puzzle.hint_fill,Vyplniť správne,
ui.puzzle.hint_fill_done,Riešenie je vyplnené. Stačí ho potvrdiť.,
ui.puzzle.clue,Vodidlo,
ui.puzzle.rotate_left,Otočiť doľava,
ui.puzzle.rotate_right,Otočiť doprava,
ui.puzzle.rotation_value,{degrees}°,
ui.puzzle.digit,Číslica {n},
ui.puzzle.digit_up,Zvýšiť,
ui.puzzle.digit_down,Znížiť,
ui.puzzle.grid_cell,"Rad {row}, stĺpec {column}",
ui.puzzle.match_instruction,Vyber položku vľavo a potom k nej patriacu položku vpravo.,
ui.puzzle.match_clear,Zrušiť spojenie,
ui.dialogue.continue,Pokračovať,
ui.dialogue.end,Ukončiť rozhovor,
ui.dialogue.topics,Témy,
ui.dialogue.transcript,Prepis rozhovoru,
ui.dialogue.history,História titulkov,
ui.dialogue.recording_year,Záznam z roku {year},
ui.cutscene.skip,Preskočiť,
ui.cutscene.skip_prompt,"Esc preskočí titulok, dvakrát Esc celú scénu.",
ui.cutscene.skip_confirm,Preskočiť scénu? Postup sa nezmení.,
ui.cutscene.resume_title,Hra sa obnovila po prerušení,
ui.cutscene.resume_question,Dokončiť prerušenú scénu alebo ju preskočiť?,
ui.cutscene.resume_play,Dokončiť scénu,
ui.cutscene.the_end,Koniec príbehu,
ui.credits.title,Autori,
ui.credits.photo_sources,Zdroje fotografií a licencie,
ui.credits.thanks,Ďakujeme za hranie.,
ui.postgame.free_play,"Príbeh sa skončil. Časové okná ostávajú otvorené, takže môžeš dokončiť vedľajšie úlohy.",
ui.postgame.continue,Pokračovať vo voľnom hraní,
ui.a11y.hotspot_list,Zoznam objektov,
ui.a11y.group_characters,Postavy,
ui.a11y.group_progress,Dôležité objekty,
ui.a11y.group_ambient,Ostatné objekty,
ui.a11y.group_exits,Východy,
ui.a11y.exit,Východ: {label},
ui.a11y.locked,Zatiaľ zamknuté,
ui.system.path_blocked,Tadiaľto neprejdem.,
ui.system.loading_scene,Načítava sa scéna…,
ui.system.autosaved,Automaticky uložené,
ui.system.invalid_state,Hra sa dostala do chybného stavu a vráti sa k poslednému funkčnému kontrolnému bodu.,
ui.system.return_to_checkpoint,Vrátiť sa ku kontrolnému bodu,
ui.system.content_error,Chyba v obsahu hry: chýba {id} ({path}).,
ui.system.error_title,Chyba,
ui.system.unknown_error,Nastala neočakávaná chyba.,
ui.dev.blockout,Vývojový náčrt {room}: {name} ({era}) – maľované pozadie zatiaľ chýba,
ui.dev.variant_missing,Stavový variant bez maľby: {asset},
ui.dev.causal_active,Príčinná zmena po {after}: {change},
ui.dev.solve,Vyriešiť (iba vývoj),
ui.dev.quick_saved,Rýchle uloženie hotové.,
ui.dev.no_save,Uložená hra neexistuje.,
ui.controls.back,Backspace – prezrieť objekt vybraný klávesom Tab,
ui.controls.travel,T – presun v čase pri časovom uzle,
ui.cutscene.scene_n,Scéna {n},
ui.dev.shot,Záber (vývojová poznámka): {shot},
ui.dialogue.heard,už prebraté,
ui.inventory.deselect,Zrušiť výber,
ui.inventory.look,Prezrieť,
ui.inventory.select,Vybrať,
ui.journal.scene_n,Scéna {n},
ui.journal.scenes,Prehrať scény znova,
ui.journal.scene_cs01,Prvý skok: Dúbravka 1995,
ui.journal.scene_cs02,Kazeta zo školského rozhlasu,
ui.journal.scene_cs03,Cesta do Ivanky 1962,
ui.journal.scene_cs04,"Jeden predmet, veľa rúk",
ui.journal.scene_cs05,Stopa vedie do Jasnej 2035,
ui.journal.scene_cs06,Leina správa,
ui.journal.scene_cs07,Mená sú späť,
ui.journal.scene_cs08,Lipa a múrik,
ui.journal.scene_cs09,Lanovkou na Chopok,
ui.save.quick,Rýchle uloženie,
ui.settings.tips_reset_done,Úvodné rady sa zobrazia pri ďalšej novej hre.,
ui.credits.fonts,Písma,
ui.credits.engine,Herný engine,
region.Chorvátsky Grob.name,Chorvátsky Grob,
region.Čierna Voda.name,Čierna Voda,
region.Dúbravka.name,Dúbravka,
region.Karlova Ves.name,Karlova Ves,
region.Staré Mesto.name,Staré Mesto,
region.Ružinov.name,Ružinov,
region.Petržalka.name,Petržalka,
region.Ivanka pri Dunaji.name,Ivanka pri Dunaji,
region.Biela Púť.name,Biela Púť,
region.Grand Jasná.name,Grand Jasná,
region.Vrbické pleso.name,Vrbické pleso,
region.Chopok.name,Chopok,
region.Priehyba.name,Priehyba,
region.Funitel.name,Funitel,
region.Jasná.name,Jasná,
ui.credits.music,"Hudba (pôvodná, vytvorená pomocou AI)",
ui.credits.sounds,Zvukové efekty a zvuky prostredia (CC0),
ui.settings.voice_over,Hovorené dialógy,
ui.settings.voice_over_desc,"Postavy hovoria nahlas. Keď sú vypnuté, titulky sa posúvajú podľa dĺžky textu.",
