room_id,room_name,era,real_place,area,lat,lon,basis,family,source_files,source_urls,license,author,fiction_notes,notes
S13,Školská vstupná chodba,1995,"ZŠ Sokolíkova 2, Bratislava-Dúbravka (typified two-storey courtyard school, opened 2 Sep 1974) - ground-floor entrance hall behind the main entrance on the SW facade; type-reference: ZŠ Sedlice (Prešov district, SK) hall + ZUŠ Prostějovská Prešov terrazzo corridor + 7. ZŠ Plzeň cloakroom corridor","Dúbravka (Záluhy), Sokolíkova 2",48.18095,17.03755,type-reference,L_HALL,art/source/rooms/S13/hall_terrazzo_sedlice_school.jpg ; art/source/rooms/S13/corridor_terrazzo_presov_art_school.jpg ; art/source/rooms/S13/cloakroom_cages_plzen_school.jpg ; art/source/sokolikova2_02.jpg (window view) ; art/source/sokolikova2_03.jpg (window view),"https://commons.wikimedia.org/wiki/File:Z%C3%A1kladn%C3%A1_%C5%A1kola,_Sedlice_24_Slovakia_17.jpg ; https://commons.wikimedia.org/wiki/File:Presov13Slovakia623.JPG ; https://commons.wikimedia.org/wiki/File:28.-Satny_7.zs.jpg ; https://commons.wikimedia.org/wiki/File:Sokol%C3%ADkova_2_02.jpg ; https://commons.wikimedia.org/wiki/File:Sokol%C3%ADkova_2_03.jpg",CC BY 4.0 ; CC BY-SA 3.0 ; CC BY-SA 4.0 ; CC BY-SA 4.0 ; CC BY-SA 4.0,"Ing.Mgr.Jozef Kotulič ; Jozef Kotulič ; 7. základní a mateřská škola Plzeň, příspěvková organizace ; Wizzard ; Wizzard","Interior specifics are invented (no public interior photos of ZŠ Sokolíkova); no real staff names, timetables, notices or school logos; remove the reference photos' modern posters, English banners, brand logos (Tesla, Samsung, ZSE) and any readable real names. Tóno's desk, visitor book, key bunches and slippers are game props.","Camera base = S13/hall_terrazzo_sedlice_school.jpg (wide hall, open terrazzo-tile floor across the whole walk band, window wall on the left = left_window anchor (240,350), doors in the back/right wall -> paint exactly three doors with the middle door at (960,610), terrazzo line at (960,890)); keep plants and benches out of the walk band. corridor_terrazzo_presov_art_school.jpg = speckled grey terrazzo and timber ribbon-window frames typical of 1970s Slovak typified schools; cloakroom_cages_plzen_school.jpg = mesh cloakroom cages with benches (for 'lavičky pri šatniach'). Windows face SW onto the real forecourt of ZŠ Sokolíkova: mature maples/limes and pines on a lawn slope, paved path, low entrance canopy (art/source/sokolikova2_02.jpg, sokolikova2_03.jpg). Facade = exposed-aggregate concrete panels with white ribbon windows (sokolikova2_04.jpg). 1995-06-15: summer foliage outside, livelier wall displays, original 1974 window frames."
S53,Školské zádverie v roku 2020,2020,"ZŠ Sokolíkova 2, Bratislava-Dúbravka (typified two-storey courtyard school, opened 2 Sep 1974) - ground-floor entrance hall behind the main entrance on the SW facade; type-reference: ZŠ Sedlice (Prešov district, SK) hall + ZUŠ Prostějovská Prešov terrazzo corridor + 7. ZŠ Plzeň cloakroom corridor (shared L_HALL base)","Dúbravka (Záluhy), Sokolíkova 2",48.18095,17.03755,type-reference,L_HALL,art/source/rooms/S13/hall_terrazzo_sedlice_school.jpg ; art/source/rooms/S13/corridor_terrazzo_presov_art_school.jpg ; art/source/rooms/S13/cloakroom_cages_plzen_school.jpg ; art/source/sokolikova2_02.jpg (window view) ; art/source/sokolikova2_03.jpg (window view),"https://commons.wikimedia.org/wiki/File:Z%C3%A1kladn%C3%A1_%C5%A1kola,_Sedlice_24_Slovakia_17.jpg ; https://commons.wikimedia.org/wiki/File:Presov13Slovakia623.JPG ; https://commons.wikimedia.org/wiki/File:28.-Satny_7.zs.jpg ; https://commons.wikimedia.org/wiki/File:Sokol%C3%ADkova_2_02.jpg ; https://commons.wikimedia.org/wiki/File:Sokol%C3%ADkova_2_03.jpg",CC BY 4.0 ; CC BY-SA 3.0 ; CC BY-SA 4.0 ; CC BY-SA 4.0 ; CC BY-SA 4.0,"Ing.Mgr.Jozef Kotulič ; Jozef Kotulič ; 7. základní a mateřská škola Plzeň, příspěvková organizace ; Wizzard ; Wizzard","Interior specifics are invented (no public interior photos of ZŠ Sokolíkova); no real staff names, timetables, notices or school logos; remove the reference photos' modern posters, English banners, brand logos (Tesla, Samsung, ZSE) and any readable real names. Plexiglass screen, disinfectant, return boxes and the property pick-up permit are game props; newer windows are game fiction, not the documented renovation state.","Same camera and anchors as S13 (files stored in art/source/rooms/S13/). 2020-10-29: autumn colours on the forecourt trees, fluorescent light, closed-off school beyond the plexiglass. Camera base = S13/hall_terrazzo_sedlice_school.jpg (wide hall, open terrazzo-tile floor across the whole walk band, window wall on the left = left_window anchor (240,350), doors in the back/right wall -> paint exactly three doors with the middle door at (960,610), terrazzo line at (960,890)); keep plants and benches out of the walk band. corridor_terrazzo_presov_art_school.jpg = speckled grey terrazzo and timber ribbon-window frames typical of 1970s Slovak typified schools; cloakroom_cages_plzen_school.jpg = mesh cloakroom cages with benches (for 'lavičky pri šatniach'). Windows face SW onto the real forecourt of ZŠ Sokolíkova: mature maples/limes and pines on a lawn slope, paved path, low entrance canopy (art/source/sokolikova2_02.jpg, sokolikova2_03.jpg). Facade = exposed-aggregate concrete panels with white ribbon windows (sokolikova2_04.jpg)."
S59,Školská chodba v roku 1982,1982,"ZŠ Sokolíkova 2, Bratislava-Dúbravka (typified two-storey courtyard school, opened 2 Sep 1974) - ground-floor entrance hall behind the main entrance on the SW facade; type-reference: ZŠ Sedlice (Prešov district, SK) hall + ZUŠ Prostějovská Prešov terrazzo corridor + 7. ZŠ Plzeň cloakroom corridor (shared L_HALL base)","Dúbravka (Záluhy), Sokolíkova 2",48.18095,17.03755,type-reference,L_HALL,art/source/rooms/S13/hall_terrazzo_sedlice_school.jpg ; art/source/rooms/S13/corridor_terrazzo_presov_art_school.jpg ; art/source/rooms/S13/cloakroom_cages_plzen_school.jpg ; art/source/sokolikova2_02.jpg (window view) ; art/source/sokolikova2_03.jpg (window view),"https://commons.wikimedia.org/wiki/File:Z%C3%A1kladn%C3%A1_%C5%A1kola,_Sedlice_24_Slovakia_17.jpg ; https://commons.wikimedia.org/wiki/File:Presov13Slovakia623.JPG ; https://commons.wikimedia.org/wiki/File:28.-Satny_7.zs.jpg ; https://commons.wikimedia.org/wiki/File:Sokol%C3%ADkova_2_02.jpg ; https://commons.wikimedia.org/wiki/File:Sokol%C3%ADkova_2_03.jpg",CC BY 4.0 ; CC BY-SA 3.0 ; CC BY-SA 4.0 ; CC BY-SA 4.0 ; CC BY-SA 4.0,"Ing.Mgr.Jozef Kotulič ; Jozef Kotulič ; 7. základní a mateřská škola Plzeň, příspěvková organizace ; Wizzard ; Wizzard","Interior specifics are invented (no public interior photos of ZŠ Sokolíkova); no real staff names, timetables, notices or school logos; remove the reference photos' modern posters, English banners, brand logos (Tesla, Samsung, ZSE) and any readable real names. Pioneer notice and socialist wall decoration are clearly period scenery with invented text; Tóno's desk empty.","Same camera and anchors as S13 (files in art/source/rooms/S13/). 1982-12-07: bare branches, thin snow patches, younger trees (school only 8 years old), original timber/steel ribbon windows, period notice boards. Camera base = S13/hall_terrazzo_sedlice_school.jpg (wide hall, open terrazzo-tile floor across the whole walk band, window wall on the left = left_window anchor (240,350), doors in the back/right wall -> paint exactly three doors with the middle door at (960,610), terrazzo line at (960,890)); keep plants and benches out of the walk band. corridor_terrazzo_presov_art_school.jpg = speckled grey terrazzo and timber ribbon-window frames typical of 1970s Slovak typified schools; cloakroom_cages_plzen_school.jpg = mesh cloakroom cages with benches (for 'lavičky pri šatniach'). Windows face SW onto the real forecourt of ZŠ Sokolíkova: mature maples/limes and pines on a lawn slope, paved path, low entrance canopy (art/source/sokolikova2_02.jpg, sokolikova2_03.jpg). Facade = exposed-aggregate concrete panels with white ribbon windows (sokolikova2_04.jpg)."
S14,Trieda pamäťového krúžku,1995,"ZŠ Sokolíkova 2, Bratislava-Dúbravka (typified two-storey courtyard school, opened 2 Sep 1974) - classroom in the NE wing facing the school sports yard; type-reference: Schulmuseum Leipzig classroom 1970 + Gymnázium Brno-Řečkovice classroom","Dúbravka (Záluhy), Sokolíkova 2",48.18120,17.03798,type-reference,L_CLASS,art/source/rooms/S14/classroom_1970_leipzig_school_museum.jpg ; art/source/rooms/S14/classroom_green_board_brno_reckovice.jpg ; art/source/rooms/S14/window_view_galbaveho_tower.jpg ; art/source/sokolikova2_04.jpg (window view),https://commons.wikimedia.org/wiki/File:Schulmuseum_Leipzig_Klassenzimmer_1970.jpg ; https://commons.wikimedia.org/wiki/File:Gyrec013.JPG ; https://commons.wikimedia.org/wiki/File:Galbaveho_ulica._jpg..jpg ; https://commons.wikimedia.org/wiki/File:Sokol%C3%ADkova_2_04.jpg,CC BY-SA 3.0 ; Public domain ; CC BY-SA 4.0 ; CC BY-SA 4.0,"Geisler Martin ; I.Sáček, senior ; Fakaofo ; Wizzard","Interior specifics are invented (no public interior photos of ZŠ Sokolíkova); no real staff names, timetables, notices or school logos; remove the reference photos' modern posters, English banners, brand logos (Tesla, Samsung, ZSE) and any readable real names. Do NOT reuse the GDR portrait, 'Pioniermarsch' banner or pupils' name cards from the Leipzig museum photo. Paper maps, Mira's tape recorder and Lea's after-school club are game content.","Camera base = S14/classroom_1970_leipzig_school_museum.jpg (front wall with two-panel green board, teacher table, open aisle) mirrored so the window wall is on the right (right_window anchor (1660,360), board (1170,310), teacher_table (900,690)); classroom_green_board_brno_reckovice.jpg = Czechoslovak classroom furniture (wooden seats on steel frames, roller charts/maps, green board). Keep desks out of the walk band (y 790-1015). Windows look NE over the real sports yard (OSM: clay athletics track, sand track, basketball court, mature trees) to the 12-storey panel tower on Galbavého ~150 m north (window_view_galbaveho_tower.jpg) and the Švantnerova / M. Schneidra-Trnavského blocks; the yard has no free photo (only a CC BY-NC Flickr one, not used), so it is reconstructed from OpenStreetMap. 1995-06-15: summer, freer arrangement of desks and drawings."
S60,Trieda pred technickou výstavkou v roku 1982,1982,"ZŠ Sokolíkova 2, Bratislava-Dúbravka (typified two-storey courtyard school, opened 2 Sep 1974) - classroom in the NE wing facing the school sports yard; type-reference: Schulmuseum Leipzig classroom 1970 + Gymnázium Brno-Řečkovice classroom (shared L_CLASS base)","Dúbravka (Záluhy), Sokolíkova 2",48.18120,17.03798,type-reference,L_CLASS,art/source/rooms/S14/classroom_1970_leipzig_school_museum.jpg ; art/source/rooms/S14/classroom_green_board_brno_reckovice.jpg ; art/source/rooms/S14/window_view_galbaveho_tower.jpg ; art/source/sokolikova2_04.jpg (window view),https://commons.wikimedia.org/wiki/File:Schulmuseum_Leipzig_Klassenzimmer_1970.jpg ; https://commons.wikimedia.org/wiki/File:Gyrec013.JPG ; https://commons.wikimedia.org/wiki/File:Galbaveho_ulica._jpg..jpg ; https://commons.wikimedia.org/wiki/File:Sokol%C3%ADkova_2_04.jpg,CC BY-SA 3.0 ; Public domain ; CC BY-SA 4.0 ; CC BY-SA 4.0,"Geisler Martin ; I.Sáček, senior ; Fakaofo ; Wizzard","Interior specifics are invented (no public interior photos of ZŠ Sokolíkova); no real staff names, timetables, notices or school logos; remove the reference photos' modern posters, English banners, brand logos (Tesla, Samsung, ZSE) and any readable real names. Model radio schematic, 'DODRŽAŤ POSTUP' sheet, ČSSR map and pioneer scarves are period props with invented text; replace all GDR iconography of the Leipzig photo with neutral Czechoslovak-period decor.","Same window and board as S14 (files in art/source/rooms/S14/); the 1970 Leipzig museum classroom is the closest period reference (formica desks, steel-frame chairs, green board, TV set). 1982-12-07: bare trees, thin snow; paint the Galbavého tower in its original grey/white panel finish (the 2017 photo shows later cladding). Camera base = S14/classroom_1970_leipzig_school_museum.jpg (front wall with two-panel green board, teacher table, open aisle) mirrored so the window wall is on the right (right_window anchor (1660,360), board (1170,310), teacher_table (900,690)); classroom_green_board_brno_reckovice.jpg = Czechoslovak classroom furniture (wooden seats on steel frames, roller charts/maps, green board). Keep desks out of the walk band (y 790-1015). Windows look NE over the real sports yard (OSM: clay athletics track, sand track, basketball court, mature trees) to the 12-storey panel tower on Galbavého ~150 m north (window_view_galbaveho_tower.jpg) and the Švantnerova / M. Schneidra-Trnavského blocks; the yard has no free photo (only a CC BY-NC Flickr one, not used), so it is reconstructed from OpenStreetMap."
S15,Fyzikálny kabinet,1995,"ZŠ Sokolíkova 2, Bratislava-Dúbravka (typified two-storey courtyard school, opened 2 Sep 1974) - physics cabinet (the school had a specialist physics room per sk.wikipedia), SW wing upper floor; type-reference: Gymnázium Budějovická (Prague) physics cabinet + Gymnázium Brno-Řečkovice physics rooms","Dúbravka (Záluhy), Sokolíkova 2",48.18085,17.03770,type-reference,L_CABINET,art/source/rooms/S15/physics_cabinet_cupboards_prague_budejovicka.jpg ; art/source/rooms/S15/physics_cupboard_wall_window_brno_reckovice.jpg ; art/source/rooms/S15/physics_service_bench_brno_reckovice.jpg ; art/source/sokolikova2_01.jpg (window view),"https://commons.wikimedia.org/wiki/File:Gymn%C3%A1zium_Bud%C4%9Bjovick%C3%A1,_kabinet_fyziky,_2014.jpg ; https://commons.wikimedia.org/wiki/File:Gyrec048.JPG ; https://commons.wikimedia.org/wiki/File:Gyrec32.JPG ; https://commons.wikimedia.org/wiki/File:Sokol%C3%ADkova_2_01.jpg",CC BY-SA 4.0 ; Public domain ; Public domain ; CC BY-SA 4.0,"Draceane ; I.Sáček, senior ; I.Sáček, senior ; Wizzard","Interior specifics are invented (no public interior photos of ZŠ Sokolíkova); no real staff names, timetables, notices or school logos; remove the reference photos' modern posters, English banners, brand logos (Tesla, Samsung, ZSE) and any readable real names. ZVON drawing, the school chronicle on its stand and the donation record are game props; low-voltage supplies only, no mains work.","Camera base = S15/physics_cupboard_wall_window_brno_reckovice.jpg for the layout (tall glass-front cupboard wall on the left = cupboard_left_hinge (340,450), window on the right = window (1460,340)); fill the cupboards from physics_cabinet_cupboards_prague_budejovicka.jpg (timber glass cupboards full of models, meters, coils, books); service_table (880,690) from physics_service_bench_brno_reckovice.jpg (white bench with meters, wire, tools). The worn patch at the left hinge is a fixed anchor across 1982/1995/2020. Window shows the real tree-lined SW forecourt and Sokolíkova street (art/source/sokolikova2_01.jpg). 1995-06-15: summer foliage, visible wear from use."
S54,Fyzikálny kabinet v roku 2020,2020,"ZŠ Sokolíkova 2, Bratislava-Dúbravka (typified two-storey courtyard school, opened 2 Sep 1974) - physics cabinet (the school had a specialist physics room per sk.wikipedia), SW wing upper floor; type-reference: Gymnázium Budějovická (Prague) physics cabinet + Gymnázium Brno-Řečkovice physics rooms (shared L_CABINET base)","Dúbravka (Záluhy), Sokolíkova 2",48.18085,17.03770,type-reference,L_CABINET,art/source/rooms/S15/physics_cabinet_cupboards_prague_budejovicka.jpg ; art/source/rooms/S15/physics_cupboard_wall_window_brno_reckovice.jpg ; art/source/rooms/S15/physics_service_bench_brno_reckovice.jpg ; art/source/sokolikova2_01.jpg (window view),"https://commons.wikimedia.org/wiki/File:Gymn%C3%A1zium_Bud%C4%9Bjovick%C3%A1,_kabinet_fyziky,_2014.jpg ; https://commons.wikimedia.org/wiki/File:Gyrec048.JPG ; https://commons.wikimedia.org/wiki/File:Gyrec32.JPG ; https://commons.wikimedia.org/wiki/File:Sokol%C3%ADkova_2_01.jpg",CC BY-SA 4.0 ; Public domain ; Public domain ; CC BY-SA 4.0,"Draceane ; I.Sáček, senior ; I.Sáček, senior ; Wizzard","Interior specifics are invented (no public interior photos of ZŠ Sokolíkova); no real staff names, timetables, notices or school logos; remove the reference photos' modern posters, English banners, brand logos (Tesla, Samsung, ZSE) and any readable real names. Laptops, loan labels and the video call with Jana are game content.","Same cupboard and window opening as S15/S63 (files in art/source/rooms/S15/). 2020-10-29: autumn trees, part of the bench covered with laptops, aids being sorted for loan. Camera base = S15/physics_cupboard_wall_window_brno_reckovice.jpg for the layout (tall glass-front cupboard wall on the left = cupboard_left_hinge (340,450), window on the right = window (1460,340)); fill the cupboards from physics_cabinet_cupboards_prague_budejovicka.jpg (timber glass cupboards full of models, meters, coils, books); service_table (880,690) from physics_service_bench_brno_reckovice.jpg (white bench with meters, wire, tools). The worn patch at the left hinge is a fixed anchor across 1982/1995/2020. Window shows the real tree-lined SW forecourt and Sokolíkova street (art/source/sokolikova2_01.jpg)."
S63,Fyzikálny kabinet v roku 1982,1982,"ZŠ Sokolíkova 2, Bratislava-Dúbravka (typified two-storey courtyard school, opened 2 Sep 1974) - physics cabinet (the school had a specialist physics room per sk.wikipedia), SW wing upper floor; type-reference: Gymnázium Budějovická (Prague) physics cabinet + Gymnázium Brno-Řečkovice physics rooms (shared L_CABINET base)","Dúbravka (Záluhy), Sokolíkova 2",48.18085,17.03770,type-reference,L_CABINET,art/source/rooms/S15/physics_cabinet_cupboards_prague_budejovicka.jpg ; art/source/rooms/S15/physics_cupboard_wall_window_brno_reckovice.jpg ; art/source/rooms/S15/physics_service_bench_brno_reckovice.jpg ; art/source/sokolikova2_01.jpg (window view),"https://commons.wikimedia.org/wiki/File:Gymn%C3%A1zium_Bud%C4%9Bjovick%C3%A1,_kabinet_fyziky,_2014.jpg ; https://commons.wikimedia.org/wiki/File:Gyrec048.JPG ; https://commons.wikimedia.org/wiki/File:Gyrec32.JPG ; https://commons.wikimedia.org/wiki/File:Sokol%C3%ADkova_2_01.jpg",CC BY-SA 4.0 ; Public domain ; Public domain ; CC BY-SA 4.0,"Draceane ; I.Sáček, senior ; I.Sáček, senior ; Wizzard","Interior specifics are invented (no public interior photos of ZŠ Sokolíkova); no real staff names, timetables, notices or school logos; remove the reference photos' modern posters, English banners, brand logos (Tesla, Samsung, ZSE) and any readable real names. Period globe, ceramic return bridge parts and the empty service bench are game props.","Same cupboard and window as S15/S54 (files in art/source/rooms/S15/). 1982-12-07: bare branches and thin snow outside, newer cupboards, the hinge wear just starting, ČSSR-era globe. Camera base = S15/physics_cupboard_wall_window_brno_reckovice.jpg for the layout (tall glass-front cupboard wall on the left = cupboard_left_hinge (340,450), window on the right = window (1460,340)); fill the cupboards from physics_cabinet_cupboards_prague_budejovicka.jpg (timber glass cupboards full of models, meters, coils, books); service_table (880,690) from physics_service_bench_brno_reckovice.jpg (white bench with meters, wire, tools). The worn patch at the left hinge is a fixed anchor across 1982/1995/2020. Window shows the real tree-lined SW forecourt and Sokolíkova street (art/source/sokolikova2_01.jpg)."
S16,Miestnosť školského rozhlasu,1995,"ZŠ Sokolíkova 2, Bratislava-Dúbravka (typified two-storey courtyard school, opened 2 Sep 1974) - small school-radio room off the entrance hall, window onto the inner atrium (~22x24 m, OSM relation 1084096 inner ring); type-reference: small Gymnázium Brno-Řečkovice room + Tesla mixing desk + Tesla SP 210 cassette recorder","Dúbravka (Záluhy), Sokolíkova 2",48.18103,17.03780,type-reference,S16,art/source/rooms/S16/small_room_window_brno_reckovice.jpg ; art/source/rooms/S16/tesla_audio_mixer_olomouc.jpg ; art/source/rooms/S16/tesla_sp210_cassette_deck.jpg ; art/source/sokolikova2_04.jpg (window view),"https://commons.wikimedia.org/wiki/File:Gyrec054.JPG ; https://commons.wikimedia.org/wiki/File:Audio_mixer_Tesla.jpg ; https://commons.wikimedia.org/wiki/File:Tesla,_SP_210_(006).jpg ; https://commons.wikimedia.org/wiki/File:Sokol%C3%ADkova_2_04.jpg",Public domain ; CC BY-SA 4.0 ; CC BY-SA 4.0 ; CC BY-SA 4.0,"I.Sáček, senior ; Jan Kameníček ; Juandev ; Wizzard","Interior specifics are invented (no public interior photos of ZŠ Sokolíkova); no real staff names, timetables, notices or school logos; remove the reference photos' modern posters, English banners, brand logos (Tesla, Samsung, ZSE) and any readable real names. Announcement list text ('Zajtra buchty') and the broken belt/cassette are game content; paint equipment without legible brand names.","Room shell = S16/small_room_window_brno_reckovice.jpg (small room corner, old double timber window, radiator, desk). Replace the PC/CRT with the school-radio console from tesla_audio_mixer_olomouc.jpg (blue Tesla mixing desk with VU meter, faders, microphone, headphones) and the cassette mechanism from tesla_sp210_cassette_deck.jpg (Tesla Přelouč 1980s cassette deck, open cassette well). Socket, paper announcement list and microphone go into their hotspot rects (S16.deck, S16.socket, S16.ambient 1/2). No free photo of the atrium exists: paint it from OSM (enclosed courtyard between the two wings) with the opposite wing's exposed-aggregate panels and white ribbon windows as on sokolikova2_04.jpg. 1995-06-15: summer light in the atrium."
