timestamp,model,asset,usd
2026-10-04T23:16:40,fal-ai/nano-banana-pro/edit,style-test/entrance_painted-90s,0.15
2026-10-04T23:16:40,fal-ai/nano-banana-pro/edit,style-test/entrance_illustrated,0.15
2026-10-04T23:16:40,fal-ai/nano-banana-pro/edit,style-test/entrance_pixel-art,0.15
2026-10-04T23:16:40,fal-ai/nano-banana-pro/edit,style-test/side-path_painted-90s,0.15
2026-10-04T23:16:40,fal-ai/nano-banana-pro/edit,style-test/side-path_illustrated,0.15
2026-10-04T23:16:40,fal-ai/nano-banana-pro/edit,style-test/side-path_pixel-art,0.15
2026-10-04T23:27:32,fal-ai/nano-banana-pro/edit,backgrounds/sokolikova-street (painted-90s),0.15
2026-10-04T23:27:32,fal-ai/nano-banana-pro/edit,backgrounds/tram-stop (painted-90s),0.15
2026-10-04T23:27:32,fal-ai/nano-banana-pro/edit,backgrounds/dom-kultury (painted-90s),0.15
2026-10-04T23:27:32,fal-ai/nano-banana-pro/edit,backgrounds/stara-dubravka (painted-90s),0.15
2026-10-04T23:27:32,fal-ai/nano-banana-pro/edit,backgrounds/kaverna (painted-90s),0.15
2026-10-04T23:36:31,fal-ai/nano-banana-pro/edit,backgrounds/sokolikova-street (painted-90s),0.15
2026-10-04T23:36:31,fal-ai/nano-banana-pro/edit,backgrounds/sokolikova-yard (painted-90s),0.15
2026-10-04T23:36:31,fal-ai/nano-banana-pro/edit,backgrounds/hurikan (painted-90s),0.15
2026-10-05T00:18:27,fal-ai/nano-banana-pro/edit,characters/ADAM/sheet_side_right,0.150
2026-10-05T00:19:29,fal-ai/nano-banana-pro/edit,characters/ADAM/sheet_turnaround,0.150
2026-10-05T00:20:34,fal-ai/nano-banana-pro/edit,characters/ADAM/sheet_turnaround,0.150
2026-10-05T00:23:09,fal-ai/nano-banana-2/edit,characters/ADAM/sheet_profile_nb2,0.120
2026-10-05T00:24:24,fal-ai/bytedance/seedance/v1/pro/fast/image-to-video,characters/ADAM/video_walk_seedance,0.137
2026-10-05T00:24:24,fal-ai/nano-banana-2/edit,characters/ADAM/pose_talk_nb2,0.120
2026-10-05T00:24:26,fal-ai/nano-banana-2/edit,characters/ADAM/pose_reach_mid_nb2,0.120
2026-10-05T00:24:43,fal-ai/wan/v2.2-a14b/image-to-video,characters/ADAM/video_walk_wan,0.405
2026-10-05T00:25:27,fal-ai/minimax/hailuo-02/standard/image-to-video,characters/ADAM/video_walk_hailuo_loop,0.270
2026-10-05T00:26:07,fal-ai/kling-video/v2.5-turbo/pro/image-to-video,characters/ADAM/video_walk_kling_loop,0.350
2026-10-05T00:33:29,fal-ai/nano-banana-2/edit,characters/ADAM/pose_mask2020_nb2,0.120
2026-10-05T00:33:59,fal-ai/minimax/hailuo-02/standard/image-to-video,characters/ADAM/video_walk_away_hailuo_loop,0.270
2026-10-05T00:34:10,fal-ai/minimax/hailuo-02/standard/image-to-video,characters/ADAM/video_reach_mid_hailuo,0.270
2026-10-05T00:34:15,fal-ai/minimax/hailuo-02/standard/image-to-video,characters/ADAM/video_walk_toward_hailuo_loop,0.270
2026-10-05T00:34:46,fal-ai/minimax/hailuo-02/standard/image-to-video,characters/ADAM/video_idle_hailuo_loop,0.270
2026-10-05T00:39:42,fal-ai/nano-banana-2/edit,characters/ELA/sheet_side_right_nb2,0.080
2026-10-05T00:39:46,fal-ai/nano-banana-2/edit,characters/ADAM/pose_blink_nb2_1k,0.080
2026-10-05T00:40:10,fal-ai/bytedance/seedance/v1/pro/fast/image-to-video,characters/ADAM/video_idle_seedance,0.137
2026-10-05T00:41:52,fal-ai/minimax/hailuo-02/pro/image-to-video,characters/ADAM/video_walk_hailuo_pro_loop,0.480
2026-10-05T00:42:17,fal-ai/nano-banana-pro/edit,characters/ELA/sheet_side_right_cast,0.150
2026-10-05T01:11:36,fal-ai/nano-banana-pro/edit,characters/ADAM/prod/sheet_side_open_pro,0.150
2026-10-05T01:12:20,fal-ai/nano-banana-pro/edit,characters/DANA/sheet_npc_3q,0.150
2026-10-05T01:12:25,fal-ai/nano-banana-pro/edit,characters/MIRA20/sheet_npc_3q,0.150
2026-10-05T01:12:25,fal-ai/nano-banana-pro/edit,characters/JOZEF/sheet_npc_3q,0.150
2026-10-05T01:12:29,fal-ai/nano-banana-pro/edit,characters/LENKA/sheet_npc_3q,0.150
2026-10-05T01:12:38,fal-ai/nano-banana-pro/edit,characters/ROMAN/sheet_npc_3q,0.150
2026-10-05T01:12:42,fal-ai/nano-banana-2/edit,characters/ADAM/prod/sheet_profile_open_nb2,0.120
2026-10-05T01:13:36,fal-ai/nano-banana-2/edit,characters/MIRA20/pose_talk_nb2,0.080
2026-10-05T01:13:37,fal-ai/nano-banana-2/edit,characters/ADAM/prod/sheet_profile_open_edit_nb2,0.120
2026-10-05T01:13:38,fal-ai/nano-banana-2/edit,characters/LENKA/pose_talk_oh_nb2,0.080
2026-10-05T01:13:38,fal-ai/nano-banana-2/edit,characters/JOZEF/pose_talk_nb2,0.080
2026-10-05T01:13:38,fal-ai/nano-banana-2/edit,characters/ELA/pose_talk_nb2,0.080
2026-10-05T01:13:39,fal-ai/nano-banana-2/edit,characters/ELA/pose_blink_nb2,0.080
2026-10-05T01:13:39,fal-ai/nano-banana-2/edit,characters/ELA/pose_talk_oh_nb2,0.080
2026-10-05T01:13:40,fal-ai/nano-banana-2/edit,characters/DANA/pose_blink_nb2,0.080
2026-10-05T01:13:41,fal-ai/nano-banana-2/edit,characters/DANA/pose_talk_nb2,0.080
2026-10-05T01:13:41,fal-ai/nano-banana-2/edit,characters/ROMAN/pose_blink_nb2,0.080
2026-10-05T01:13:41,fal-ai/nano-banana-2/edit,characters/ROMAN/pose_talk_oh_nb2,0.080
2026-10-05T01:13:42,fal-ai/nano-banana-2/edit,characters/ROMAN/pose_talk_nb2,0.080
2026-10-05T01:13:42,fal-ai/nano-banana-2/edit,characters/LENKA/pose_blink_nb2,0.080
2026-10-05T01:13:42,fal-ai/nano-banana-2/edit,characters/MIRA20/pose_talk_oh_nb2,0.080
2026-10-05T01:13:42,fal-ai/nano-banana-2/edit,characters/LENKA/pose_talk_nb2,0.080
2026-10-05T01:13:45,fal-ai/nano-banana-2/edit,characters/MIRA20/pose_gesture_nb2,0.120
2026-10-05T01:13:45,fal-ai/nano-banana-2/edit,characters/DANA/pose_gesture_nb2,0.120
2026-10-05T01:13:45,fal-ai/nano-banana-2/edit,characters/JOZEF/pose_gesture_nb2,0.120
2026-10-05T01:13:46,fal-ai/nano-banana-2/edit,characters/ELA/pose_gesture_nb2,0.120
2026-10-05T01:13:48,fal-ai/nano-banana-2/edit,characters/DANA/pose_talk_oh_nb2,0.080
2026-10-05T01:13:48,fal-ai/nano-banana-2/edit,characters/JOZEF/pose_blink_nb2,0.080
2026-10-05T01:13:49,fal-ai/nano-banana-2/edit,characters/JOZEF/pose_talk_oh_nb2,0.080
2026-10-05T01:13:52,fal-ai/nano-banana-2/edit,characters/ROMAN/pose_gesture_nb2,0.120
2026-10-05T01:13:52,fal-ai/nano-banana-2/edit,characters/LENKA/pose_gesture_nb2,0.120
2026-10-05T01:14:25,fal-ai/nano-banana-2/edit,characters/ADAM/prod/sheet_profile_open_solo_nb2,0.120
2026-10-05T01:15:48,fal-ai/nano-banana-pro/edit,bg/pilot/S01_v1,0.150
2026-10-05T01:15:49,fal-ai/nano-banana-pro/edit,bg/pilot/S05_v1,0.150
2026-10-05T01:16:21,fal-ai/nano-banana-2/edit,characters/ROMAN/pose_gesture_nb2_v2,0.120
2026-10-05T01:17:01,fal-ai/nano-banana-2/edit,characters/ADAM/prod/pose_side_blink,0.080
2026-10-05T01:17:01,fal-ai/nano-banana-2/edit,characters/ADAM/prod/pose_side_talk_o,0.080
2026-10-05T01:17:01,fal-ai/nano-banana-2/edit,characters/ADAM/prod/pose_side_talk_e,0.080
2026-10-05T01:17:01,fal-ai/nano-banana-2/edit,characters/ADAM/prod/pose_front_blink,0.080
2026-10-05T01:17:06,fal-ai/nano-banana-2/edit,characters/ADAM/prod/pose_side_mask2020,0.080
2026-10-05T01:17:15,fal-ai/nano-banana-2/edit,characters/ADAM/prod/pose_side_talk_a,0.080
2026-10-05T01:17:15,fal-ai/nano-banana-2/edit,characters/ADAM/prod/pose_front_talk_o,0.080
2026-10-05T01:17:16,fal-ai/nano-banana-2/edit,characters/ADAM/prod/pose_front_talk_e,0.080
2026-10-05T01:17:20,fal-ai/nano-banana-2/edit,characters/ADAM/prod/pose_front_talk_a,0.080
2026-10-05T01:17:20,fal-ai/nano-banana-2/edit,characters/ADAM/prod/pose_front_mask2020,0.080
2026-10-05T01:17:25,fal-ai/nano-banana-2/edit,characters/ADAM/prod/pose_back_mask2020,0.080
2026-10-05T01:17:39,fal-ai/nano-banana-2/edit,characters/ADAM/prod/pose_reach_low,0.120
2026-10-05T01:17:39,fal-ai/nano-banana-2/edit,characters/ADAM/prod/pose_reach_high,0.120
2026-10-05T01:17:42,fal-ai/minimax/hailuo-02/standard/image-to-video,characters/ELA/video_idle_hailuo_loop,0.270
2026-10-05T01:17:43,fal-ai/nano-banana-2/edit,characters/ADAM/prod/pose_use_tool,0.120
2026-10-05T01:17:44,fal-ai/nano-banana-2/edit,characters/ADAM/prod/pose_show_item,0.120
2026-10-05T01:17:44,fal-ai/nano-banana-2/edit,characters/ADAM/prod/pose_reach_mid,0.120
2026-10-05T01:17:48,fal-ai/nano-banana-2/edit,characters/ADAM/prod/pose_inventory_combine,0.120
2026-10-05T01:17:59,fal-ai/minimax/hailuo-02/standard/image-to-video,characters/DANA/video_idle_hailuo_loop,0.270
2026-10-05T01:18:08,fal-ai/minimax/hailuo-02/standard/image-to-video,characters/MIRA20/video_idle_hailuo_loop,0.270
2026-10-05T01:18:17,fal-ai/minimax/hailuo-02/pro/image-to-video,characters/ADAM/prod/video_walk_right_pro,0.480
2026-10-05T01:18:27,fal-ai/minimax/hailuo-02/pro/image-to-video,characters/ADAM/prod/video_walk_toward_pro,0.480
2026-10-05T01:18:54,fal-ai/minimax/hailuo-02/pro/image-to-video,characters/ADAM/prod/video_walk_away_pro,0.480
2026-10-05T01:24:10,fal-ai/nano-banana-pro/edit,bg/pilot/S01_v2,0.150
2026-10-05T01:24:11,fal-ai/nano-banana-pro/edit,bg/pilot/S05_v2,0.150
2026-10-05T01:24:59,fal-ai/minimax/hailuo-02/standard/image-to-video,characters/ELA/video_idle_hailuo_loop_v2,0.270
2026-10-05T01:27:03,fal-ai/nano-banana-2/edit,characters/ADAM/prod/pose_use_tool_b,0.120
2026-10-05T01:29:37,fal-ai/nano-banana-pro/edit,bg/pilot/S01_v3,0.150
2026-10-05T01:29:47,fal-ai/nano-banana-pro/edit,bg/pilot/S05_v3,0.150
2026-10-05T01:29:48,fal-ai/nano-banana-2/edit,characters/ADAM/prod/pose_reach_high_b,0.120
2026-10-05T01:32:20,fal-ai/nano-banana-2/edit,characters/ADAM/prod/pose_reach_high_mask2020,0.080
2026-10-05T01:32:20,fal-ai/nano-banana-2/edit,characters/ADAM/prod/pose_reach_low_mask2020,0.080
2026-10-05T01:32:20,fal-ai/nano-banana-2/edit,characters/ADAM/prod/pose_inventory_combine_mask2020,0.080
2026-10-05T01:32:20,fal-ai/nano-banana-2/edit,characters/ADAM/prod/pose_use_tool_mask2020,0.080
2026-10-05T01:32:49,fal-ai/minimax/hailuo-02/pro/image-to-video,characters/ADAM/prod/video_use_tool_pro,0.480
2026-10-05T01:33:04,fal-ai/minimax/hailuo-02/pro/image-to-video,characters/ADAM/prod/video_reach_low_pro,0.480
2026-10-05T01:33:06,fal-ai/minimax/hailuo-02/pro/image-to-video,characters/ADAM/prod/video_reach_high_pro,0.480
2026-10-05T01:33:07,fal-ai/minimax/hailuo-02/pro/image-to-video,characters/ADAM/prod/video_show_item_pro,0.480
2026-10-05T01:34:37,fal-ai/nano-banana-pro/edit,bg/pilot/S05_v4_extend,0.150
2026-10-05T01:36:00,fal-ai/nano-banana-2/edit,items/items_sheet,0.120
2026-10-05T01:36:03,fal-ai/nano-banana-pro/edit,bg/pilot/S01_v4_fix,0.150
2026-10-05T01:37:34,fal-ai/minimax/hailuo-02/pro/image-to-video,characters/ADAM/prod/video_inventory_combine_pro,0.480
2026-10-05T01:37:35,fal-ai/nano-banana-2/edit,items/CHRONO/chrono_rimfix,0.080
2026-10-05T01:37:35,fal-ai/nano-banana-2/edit,items/ORDER/ORDER_single,0.080
2026-10-05T01:13:39,fal-ai/nano-banana-2/edit,characters/MIRA20/pose_blink_nb2 (re-logged: row lost in a concurrent append),0.080
2026-10-05T01:41:54,fal-ai/minimax/hailuo-02/pro/image-to-video,characters/ADAM/prod/video_reach_mid_pro,0.480
2026-10-05T01:46:17,fal-ai/minimax/hailuo-02/pro/image-to-video,characters/ADAM/prod/video_reach_high_pro_b,0.480
2026-10-05T02:06:48,fal-ai/nano-banana-pro/edit,bg/prologue2020/S02_v1,0.150
2026-10-05T02:07:04,fal-ai/nano-banana-pro/edit,bg/prologue2020/S03_v1,0.150
2026-10-05T02:07:07,fal-ai/nano-banana-pro/edit,bg/prologue2020/S04_v1,0.150
2026-10-05T02:07:14,fal-ai/nano-banana-pro/edit,bg/prologue2020/S06_v1,0.150
2026-10-05T02:07:21,fal-ai/nano-banana-pro/edit,bg/prologue2020/S07_v1,0.150
2026-10-05T02:12:33,fal-ai/nano-banana-pro/edit,bg/prologue2020/S02_v2_extend,0.150
2026-10-05T02:13:23,fal-ai/nano-banana-pro/edit,bg/batch_s08_s11/S08_v1,0.150
2026-10-05T02:13:47,fal-ai/nano-banana-pro/edit,bg/prologue2020/S02_v3_fix,0.150
2026-10-05T02:14:01,fal-ai/nano-banana-pro/edit,bg/batch_s08_s11/S09_v1,0.150
2026-10-05T02:14:39,fal-ai/nano-banana-pro/edit,bg/batch_s08_s11/S11_v1,0.150
2026-10-05T02:15:55,fal-ai/nano-banana-2/edit,characters/ADAM/prod/frame_reach_low_f0034_mask2020,0.080
2026-10-05T02:15:55,fal-ai/nano-banana-2/edit,characters/ADAM/prod/frame_reach_low_f0045_mask2020,0.080
2026-10-05T02:15:59,fal-ai/nano-banana-2/edit,characters/ADAM/prod/frame_reach_low_f0050_mask2020,0.080
2026-10-05T02:17:25,fal-ai/nano-banana-pro/edit,bg/prologue2020/S07_v3_extend,0.150
2026-10-05T02:17:40,fal-ai/nano-banana-pro/edit,bg/batch_s08_s11/S11_v2_fix,0.150
2026-10-05T02:18:29,fal-ai/nano-banana-pro/edit,bg/batch_s08_s11/S09_v2,0.150
2026-10-05T02:21:20,fal-ai/nano-banana-pro/edit,bg/batch_s08_s11/S09_v3,0.150
2026-10-05T02:23:17,fal-ai/nano-banana-pro/edit,bg/batch_s08_s11/S09_v4_fix,0.150
2026-10-05T02:24:23,fal-ai/nano-banana-pro/edit,bg/prologue2020/S03_v2,0.150
2026-10-05T02:25:58,fal-ai/nano-banana-pro/edit,bg/prologue2020/S03_v3_fix,0.150
2026-10-05T02:27:13,fal-ai/nano-banana-pro/edit,bg/prologue2020/S03_v4_extend,0.150
2026-10-05T02:34:31,fal-ai/nano-banana-pro/edit,bg/batch_s08_s11/S10_v1,0.150
2026-10-05T02:38:42,fal-ai/nano-banana-pro/edit,bg/batch_s08_s11/S10_v2,0.150
2026-10-05T02:53:37,fal-ai/nano-banana-pro/edit,ambient/leaves,0.150
2026-10-05T02:53:38,fal-ai/nano-banana-pro/edit,ambient/clouds,0.150
2026-10-05T02:53:38,fal-ai/nano-banana-pro/edit,ambient/cat,0.150
2026-10-05T02:53:38,fal-ai/nano-banana-pro/edit,ambient/pigeon,0.150
2026-10-05T02:53:38,fal-ai/nano-banana-pro/edit,ambient/car1995,0.150
2026-10-05T02:53:38,fal-ai/nano-banana-pro/edit,ambient/ducks,0.150
2026-10-05T02:53:47,fal-ai/nano-banana-pro/edit,ambient/car2020,0.150
2026-10-05T02:57:02,fal-ai/minimax/hailuo-02/standard/image-to-video,ambient/cat_video,0.270
2026-10-05T04:26:12,fal-ai/nano-banana-pro/edit,ui/icon/master_v1,0.150
2026-10-05T04:28:00,fal-ai/lyria3/pro,music/1960__lyria_v1,0.080
2026-10-05T04:28:46,fal-ai/minimax-music/v2.6,music/1960__minimax_v1,0.150
2026-10-05T04:30:02,fal-ai/lyria3/pro,music/1982__lyria_v1,0.080
2026-10-05T04:30:09,fal-ai/lyria3/pro,music/1982__lyria_v2,0.080
2026-10-05T04:30:11,fal-ai/lyria3/pro,music/1995__lyria_v1,0.080
2026-10-05T04:30:13,fal-ai/lyria3/pro,music/1995__lyria_v2,0.080
2026-10-05T04:30:15,fal-ai/lyria3/pro,music/2020__lyria_v1,0.080
2026-10-05T04:30:33,fal-ai/lyria3/pro,music/2035__lyria_v1,0.080
2026-10-05T04:30:35,fal-ai/lyria3/pro,music/2035__lyria_v2,0.080
2026-10-05T04:30:40,fal-ai/lyria3/pro,music/2020__lyria_v2,0.080
2026-10-05T04:30:41,fal-ai/lyria3/pro,music/puzzle__lyria_v1,0.080
2026-10-05T04:30:43,fal-ai/lyria3/pro,music/menu__lyria_v2,0.080
2026-10-05T04:30:46,fal-ai/lyria3/pro,music/menu__lyria_v1,0.080
2026-10-05T04:30:48,fal-ai/lyria3/pro,music/puzzle__lyria_v2,0.080
2026-10-05T04:30:54,fal-ai/lyria3/pro,music/tension__lyria_v1,0.080
2026-10-05T04:30:55,fal-ai/nano-banana-2/edit,items/m2/sheet1,0.120
2026-10-05T04:31:10,fal-ai/lyria3/pro,music/tension__lyria_v2,0.080
2026-10-05T04:31:12,fal-ai/lyria3/pro,music/1960__lyria_v2,0.080
2026-10-05T04:31:24,fal-ai/lyria3/pro,music/epilogue__lyria_v2,0.080
2026-10-05T04:31:43,fal-ai/nano-banana-pro/edit,characters/BOZO/sheet_npc_3q,0.150
2026-10-05T04:31:49,fal-ai/nano-banana-2/edit,items/m2/sheet4,0.120
2026-10-05T04:31:49,fal-ai/nano-banana-2/edit,items/m2/sheet9,0.120
2026-10-05T04:31:54,fal-ai/nano-banana-2/edit,items/m2/sheet5,0.120
2026-10-05T04:31:54,fal-ai/nano-banana-2/edit,items/m2/sheet8,0.120
2026-10-05T04:31:54,fal-ai/nano-banana-2/edit,items/m2/sheet3,0.120
2026-10-05T04:31:54,fal-ai/nano-banana-2/edit,items/m2/sheet7,0.120
2026-10-05T04:31:58,fal-ai/nano-banana-2/edit,items/m2/sheet6,0.120
2026-10-05T04:32:02,fal-ai/nano-banana-2/edit,items/m2/sheet2,0.120
2026-10-05T04:32:15,fal-ai/nano-banana-pro/edit,characters/BERTA/sheet_npc_3q,0.150
2026-10-05T04:32:51,fal-ai/nano-banana-pro/edit,characters/POSTA/sheet_npc_3q,0.150
2026-10-05T04:33:18,fal-ai/lyria3/pro,music/epilogue__lyria_v3,0.080
2026-10-05T04:33:24,fal-ai/nano-banana-pro/edit,characters/LIDA/sheet_npc_3q,0.150
2026-10-05T04:34:04,fal-ai/nano-banana-pro/edit,characters/RUDO/sheet_npc_3q,0.150
2026-10-05T04:34:07,fal-ai/nano-banana-pro/edit,characters/RUZENA/sheet_npc_3q,0.150
2026-10-05T04:34:36,fal-ai/nano-banana-pro/edit,characters/SKLAD/sheet_npc_3q,0.150
2026-10-05T04:34:39,fal-ai/nano-banana-pro/edit,characters/MARTA82/sheet_npc_3q,0.150
2026-10-05T04:35:16,fal-ai/nano-banana-pro/edit,characters/SIMON/sheet_npc_3q,0.150
2026-10-05T04:35:17,fal-ai/nano-banana-pro/edit,characters/VERA60/sheet_npc_3q,0.150
2026-10-05T04:35:19,fal-ai/nano-banana-pro/edit,characters/TAMARA/sheet_npc_3q,0.150
2026-10-05T04:35:21,fal-ai/nano-banana-pro/edit,characters/SONA/sheet_npc_3q,0.150
2026-10-05T04:35:21,fal-ai/nano-banana-pro/edit,characters/ZITA/sheet_npc_3q,0.150
2026-10-05T04:35:21,fal-ai/nano-banana-pro/edit,characters/PALI/sheet_npc_3q,0.150
2026-10-05T04:35:22,fal-ai/nano-banana-pro/edit,characters/NINA/sheet_npc_3q,0.150
2026-10-05T04:35:23,fal-ai/nano-banana-pro/edit,characters/SARA/sheet_npc_3q,0.150
2026-10-05T04:35:26,fal-ai/nano-banana-pro/edit,characters/EMIL/sheet_npc_3q,0.150
2026-10-05T04:35:26,fal-ai/nano-banana-pro/edit,characters/LEA95/sheet_npc_3q,0.150
2026-10-05T04:35:26,fal-ai/nano-banana-pro/edit,characters/BORIS/sheet_npc_3q,0.150
2026-10-05T04:35:34,fal-ai/nano-banana-pro/edit,characters/VIKTOR/sheet_npc_3q,0.150
2026-10-05T04:35:36,fal-ai/nano-banana-pro/edit,characters/IVAN/sheet_npc_3q,0.150
2026-10-05T04:35:37,fal-ai/nano-banana-pro/edit,characters/ROBOT/sheet_npc_3q,0.150
2026-10-05T04:35:48,fal-ai/nano-banana-2/edit,items/m2/sheet4_fix,0.120
2026-10-05T04:35:48,fal-ai/nano-banana-2/edit,items/m2/sheet9_fix,0.120
2026-10-05T04:35:49,fal-ai/nano-banana-2/edit,items/m2/sheet6_fix,0.120
2026-10-05T04:35:49,fal-ai/nano-banana-pro/edit,characters/TURISTA/sheet_npc_3q,0.150
2026-10-05T04:35:49,fal-ai/nano-banana-2/edit,items/m2/sheet1_fix,0.120
2026-10-05T04:35:49,fal-ai/nano-banana-2/edit,items/m2/sheet3_fix,0.120
2026-10-05T04:35:50,fal-ai/nano-banana-2/edit,items/m2/sheet8_fix,0.120
2026-10-05T04:35:50,fal-ai/nano-banana-2/edit,items/m2/sheet7_fix,0.120
2026-10-05T04:35:50,fal-ai/nano-banana-2/edit,items/m2/sheet5_fix,0.120
2026-10-05T04:35:51,fal-ai/nano-banana-pro/edit,characters/DOBRO/sheet_npc_3q,0.150
2026-10-05T04:35:56,fal-ai/nano-banana-pro/edit,characters/ARCHIVAR/sheet_npc_3q,0.150
2026-10-05T04:36:00,fal-ai/nano-banana-pro/edit,characters/TRH/sheet_npc_3q,0.150
2026-10-05T04:36:00,fal-ai/nano-banana-pro/edit,characters/VIERA/sheet_npc_3q,0.150
2026-10-05T04:36:01,fal-ai/nano-banana-pro/edit,characters/MILADA/sheet_npc_3q,0.150
2026-10-05T04:36:06,fal-ai/nano-banana-pro/edit,characters/FOTO/sheet_npc_3q,0.150
2026-10-05T04:36:30,fal-ai/nano-banana-pro/edit,characters/JURO/sheet_npc_3q,0.150
2026-10-05T04:36:39,fal-ai/nano-banana-pro/edit,characters/JURAJ/sheet_npc_3q,0.150
2026-10-05T04:36:39,fal-ai/nano-banana-pro/edit,characters/DEZI/sheet_npc_3q,0.150
2026-10-05T04:37:40,fal-ai/nano-banana-2/edit,characters/NINA/pose_blink_nb2,0.080
2026-10-05T04:37:42,fal-ai/nano-banana-2/edit,characters/ROBOT/pose_blink_nb2,0.080
2026-10-05T04:37:43,fal-ai/nano-banana-2/edit,characters/BORIS/pose_blink_nb2,0.080
2026-10-05T04:37:46,fal-ai/nano-banana-pro/edit,characters/likeness/OTO/lineup,0.150
2026-10-05T04:37:46,fal-ai/nano-banana-pro/edit,characters/likeness/TONO/lineup,0.150
2026-10-05T04:37:47,fal-ai/nano-banana-pro/edit,characters/likeness/JANA/lineup,0.150
2026-10-05T04:37:50,fal-ai/nano-banana-2/edit,characters/IVAN/pose_blink_nb2,0.080
2026-10-05T04:37:56,fal-ai/nano-banana-2/edit,characters/NINA/pose_talk_nb2,0.080
2026-10-05T04:37:57,fal-ai/nano-banana-pro/edit,characters/likeness/MIRA/lineup,0.150
2026-10-05T04:37:58,fal-ai/nano-banana-2/edit,characters/ROBOT/pose_talk_nb2,0.080
2026-10-05T04:38:00,fal-ai/nano-banana-2/edit,characters/LEA95/pose_talk_a_nb2,0.080
2026-10-05T04:38:01,fal-ai/nano-banana-2/edit,characters/SONA/pose_blink_nb2,0.080
2026-10-05T04:38:01,fal-ai/nano-banana-2/edit,characters/SONA/pose_talk_a_nb2,0.080
2026-10-05T04:38:01,fal-ai/nano-banana-2/edit,characters/LEA95/pose_talk_o_nb2,0.080
2026-10-05T04:38:03,fal-ai/nano-banana-2/edit,items/m2/KEEPERNOTE_cellfix,0.080
2026-10-05T04:38:03,fal-ai/nano-banana-2/edit,items/m2/SUPPLYSLIP_cellfix,0.080
2026-10-05T04:38:04,fal-ai/nano-banana-2/edit,items/m2/ORIGIN_RAW_cellfix,0.080
2026-10-05T04:38:04,fal-ai/nano-banana-2/edit,items/m2/LOG1982_cellfix,0.080
2026-10-05T04:38:04,fal-ai/nano-banana-2/edit,items/m2/PLAY_cellfix,0.080
2026-10-05T04:38:04,fal-ai/nano-banana-2/edit,items/m2/ORIGIN_cellfix,0.080
2026-10-05T04:38:04,fal-ai/nano-banana-2/edit,items/m2/PARTSNOTE_cellfix,0.080
2026-10-05T04:38:04,fal-ai/nano-banana-2/edit,items/m2/STEREOLINK_cellfix,0.080
2026-10-05T04:38:05,fal-ai/nano-banana-2/edit,characters/LEA95/pose_blink_nb2,0.080
2026-10-05T04:38:06,fal-ai/nano-banana-2/edit,characters/BORIS/pose_talk_nb2,0.080
2026-10-05T04:38:11,fal-ai/nano-banana-2/edit,characters/LEA95/pose_gesture_nb2,0.120
2026-10-05T04:38:16,fal-ai/nano-banana-2/edit,characters/ZITA/pose_talk_a_nb2,0.080
2026-10-05T04:38:20,fal-ai/nano-banana-2/edit,characters/SONA/pose_talk_o_nb2,0.080
2026-10-05T04:38:21,fal-ai/nano-banana-2/edit,characters/ZITA/pose_blink_nb2,0.080
2026-10-05T04:38:25,fal-ai/nano-banana-2/edit,characters/SONA/pose_gesture_nb2,0.120
2026-10-05T04:38:26,fal-ai/nano-banana-2/edit,characters/ZITA/pose_talk_o_nb2,0.080
2026-10-05T04:38:26,fal-ai/nano-banana-2/edit,characters/BORIS/pose_talk_oh_nb2,0.080
2026-10-05T04:38:28,fal-ai/nano-banana-2/edit,characters/RUZENA/pose_boots_fix,0.080
2026-10-05T04:38:32,fal-ai/nano-banana-2/edit,characters/RUDO/sheet_npc_3q_oversize,0.120
2026-10-05T04:38:36,fal-ai/nano-banana-2/edit,characters/EMIL/pose_talk_a_nb2,0.080
2026-10-05T04:38:37,fal-ai/nano-banana-2/edit,characters/EMIL/pose_blink_nb2,0.080
2026-10-05T04:38:37,fal-ai/nano-banana-2/edit,characters/ZITA/pose_gesture_nb2,0.120
2026-10-05T04:38:37,fal-ai/nano-banana-2/edit,characters/EMIL/pose_talk_o_nb2,0.080
2026-10-05T04:38:42,fal-ai/nano-banana-2/edit,characters/PALI/pose_blink_nb2,0.080
2026-10-05T04:38:51,fal-ai/nano-banana-2/edit,characters/EMIL/pose_gesture_nb2,0.120
2026-10-05T04:38:51,fal-ai/nano-banana-2/edit,characters/BORIS/pose_gesture_nb2,0.120
2026-10-05T04:38:56,fal-ai/nano-banana-2/edit,characters/PALI/pose_talk_a_nb2,0.080
2026-10-05T04:38:57,fal-ai/nano-banana-2/edit,characters/PALI/pose_talk_o_nb2,0.080
2026-10-05T04:38:58,fal-ai/minimax/hailuo-02/standard/image-to-video,characters/ZITA/video_idle_hailuo_loop,0.270
2026-10-05T04:39:02,fal-ai/nano-banana-2/edit,characters/VIERA/pose_talk_a_nb2,0.080
2026-10-05T04:39:02,fal-ai/nano-banana-2/edit,characters/PALI/pose_gesture_nb2,0.120
2026-10-05T04:39:11,fal-ai/nano-banana-2/edit,characters/VIERA/pose_talk_o_nb2,0.080
2026-10-05T04:39:12,fal-ai/nano-banana-2/edit,characters/SARA/pose_blink_nb2,0.080
2026-10-05T04:39:14,fal-ai/minimax/hailuo-02/standard/image-to-video,characters/LEA95/video_idle_hailuo_loop,0.270
2026-10-05T04:39:15,fal-ai/minimax/hailuo-02/standard/image-to-video,characters/SONA/video_idle_hailuo_loop,0.270
2026-10-05T04:39:15,fal-ai/minimax/hailuo-02/standard/image-to-video,characters/EMIL/video_idle_hailuo_loop,0.270
2026-10-05T04:39:16,fal-ai/nano-banana-2/edit,characters/ARCHIVAR/pose_talk_a_nb2,0.080
2026-10-05T04:39:17,fal-ai/nano-banana-2/edit,characters/ARCHIVAR/pose_blink_nb2,0.080
2026-10-05T04:39:18,fal-ai/nano-banana-2/edit,characters/RUDO/sheet_npc_3q_oversize2,0.120
2026-10-05T04:39:21,fal-ai/nano-banana-2/edit,characters/VIERA/pose_gesture_nb2,0.120
2026-10-05T04:39:22,fal-ai/nano-banana-2/edit,characters/ARCHIVAR/pose_talk_o_nb2,0.080
2026-10-05T04:39:32,fal-ai/nano-banana-2/edit,characters/SARA/pose_talk_nb2,0.080
2026-10-05T04:39:36,fal-ai/nano-banana-2/edit,characters/VIERA/pose_blink_nb2,0.080
2026-10-05T04:39:36,fal-ai/nano-banana-2/edit,characters/FOTO/pose_blink_nb2,0.080
2026-10-05T04:39:37,fal-ai/nano-banana-2/edit,characters/FOTO/pose_talk_o_nb2,0.080
2026-10-05T04:39:37,fal-ai/nano-banana-2/edit,characters/FOTO/pose_talk_a_nb2,0.080
2026-10-05T04:39:37,fal-ai/nano-banana-2/edit,characters/ARCHIVAR/pose_gesture_nb2,0.120
2026-10-05T04:39:47,fal-ai/nano-banana-2/edit,characters/FOTO/pose_gesture_nb2,0.120
2026-10-05T04:39:47,fal-ai/nano-banana-2/edit,characters/SARA/pose_talk_oh_nb2,0.080
2026-10-05T04:39:50,fal-ai/nano-banana-2/edit,characters/TRH/pose_blink_nb2,0.080
2026-10-05T04:39:52,fal-ai/nano-banana-2/edit,characters/TRH/pose_talk_a_nb2,0.080
2026-10-05T04:39:53,fal-ai/nano-banana-2/edit,characters/TRH/pose_talk_o_nb2,0.080
2026-10-05T04:39:53,fal-ai/nano-banana-2/edit,characters/MILADA/pose_blink_nb2,0.080
2026-10-05T04:39:58,fal-ai/nano-banana-2/edit,characters/TRH/pose_gesture_nb2,0.120
2026-10-05T04:40:03,fal-ai/nano-banana-2/edit,characters/MILADA/pose_talk_a_nb2,0.080
2026-10-05T04:40:04,fal-ai/nano-banana-pro/edit,characters/TONO82/sheet_3q,0.150
2026-10-05T04:40:06,fal-ai/nano-banana-pro/edit,characters/TONO/sheet_3q,0.150
2026-10-05T04:40:08,fal-ai/nano-banana-2/edit,characters/SARA/pose_gesture_nb2,0.120
2026-10-05T04:40:08,fal-ai/nano-banana-pro/edit,characters/TONO20/sheet_3q,0.150
2026-10-05T04:40:10,fal-ai/nano-banana-2/edit,characters/MILADA/pose_talk_o_nb2,0.080
2026-10-05T04:40:10,fal-ai/nano-banana-pro/edit,characters/JANA82/sheet_3q,0.150
2026-10-05T04:40:13,fal-ai/nano-banana-pro/edit,characters/JANA95/sheet_3q,0.150
2026-10-05T04:40:13,fal-ai/nano-banana-2/edit,characters/JURO/pose_blink_nb2,0.080
2026-10-05T04:40:13,fal-ai/nano-banana-2/edit,characters/JURO/pose_talk_a_nb2,0.080
2026-10-05T04:40:13,fal-ai/nano-banana-2/edit,characters/JURO/pose_talk_o_nb2,0.080
2026-10-05T04:40:15,fal-ai/nano-banana-pro/edit,characters/JANA20/portrait,0.150
2026-10-05T04:40:15,fal-ai/nano-banana-pro/edit,characters/MIRA60/sheet_3q,0.150
2026-10-05T04:40:17,fal-ai/nano-banana-2/edit,characters/MILADA/pose_gesture_nb2,0.120
2026-10-05T04:40:17,fal-ai/nano-banana-pro/edit,characters/JANA35/sheet_3q,0.150
2026-10-05T04:40:18,fal-ai/nano-banana-pro/edit,characters/MIRA95/sheet_3q,0.150
2026-10-05T04:40:23,fal-ai/nano-banana-pro/edit,characters/OTO/sheet_3q,0.150
2026-10-05T04:40:28,fal-ai/nano-banana-2/edit,characters/JURO/pose_gesture_nb2,0.120
2026-10-05T04:40:30,fal-ai/nano-banana-2/edit,characters/JURAJ/pose_blink_nb2,0.080
2026-10-05T04:40:31,fal-ai/minimax/hailuo-02/standard/image-to-video,characters/VIERA/video_idle_hailuo_loop,0.270
2026-10-05T04:40:32,fal-ai/minimax/hailuo-02/standard/image-to-video,characters/ARCHIVAR/video_idle_hailuo_loop,0.270
2026-10-05T04:40:32,fal-ai/minimax/hailuo-02/standard/image-to-video,characters/FOTO/video_idle_hailuo_loop,0.270
2026-10-05T04:40:33,fal-ai/nano-banana-2/edit,characters/JURAJ/pose_talk_a_nb2,0.080
2026-10-05T04:40:33,fal-ai/nano-banana-2/edit,characters/JURAJ/pose_talk_o_nb2,0.080
2026-10-05T04:40:37,fal-ai/nano-banana-2/edit,characters/DEZI/pose_blink_nb2,0.080
2026-10-05T04:40:38,fal-ai/nano-banana-2/edit,characters/VERA60/pose_seated_nb2,0.120
2026-10-05T04:40:39,fal-ai/nano-banana-2/edit,characters/JURAJ/pose_gesture_nb2,0.120
2026-10-05T04:40:48,fal-ai/nano-banana-2/edit,characters/DEZI/pose_talk_a_nb2,0.080
2026-10-05T04:40:50,fal-ai/nano-banana-pro/edit,characters/OTO82/sheet_3q,0.150
2026-10-05T04:40:51,fal-ai/nano-banana-2/edit,characters/DEZI/pose_talk_o_nb2,0.080
2026-10-05T04:40:51,fal-ai/nano-banana-2/edit,characters/NINA/pose_talk_oh_nb2,0.080
2026-10-05T04:40:55,fal-ai/nano-banana-2/edit,characters/VIKTOR/pose_blink_nb2,0.080
2026-10-05T04:40:57,fal-ai/nano-banana-2/edit,characters/IVAN/pose_talk_nb2,0.080
2026-10-05T04:40:58,fal-ai/nano-banana-2/edit,characters/TAMARA/pose_talk_oh_nb2,0.080
2026-10-05T04:40:58,fal-ai/nano-banana-2/edit,characters/DEZI/pose_gesture_nb2,0.120
2026-10-05T04:41:00,fal-ai/nano-banana-2/edit,items/KEEPERNOTE/m2/KEEPERNOTE_single,0.080
2026-10-05T04:41:09,fal-ai/nano-banana-2/edit,characters/TURISTA/pose_talk_nb2,0.080
2026-10-05T04:41:10,fal-ai/nano-banana-2/edit,characters/VIKTOR/pose_talk_nb2,0.080
2026-10-05T04:41:12,fal-ai/nano-banana-2/edit,characters/IVAN/pose_talk_oh_nb2,0.080
2026-10-05T04:41:16,fal-ai/nano-banana-2/edit,characters/NINA/pose_gesture_nb2,0.120
2026-10-05T04:41:22,fal-ai/nano-banana-2/edit,characters/TAMARA/pose_gesture_nb2,0.120
2026-10-05T04:41:30,fal-ai/nano-banana-2/edit,characters/TURISTA/pose_talk_oh_nb2,0.080
2026-10-05T04:41:31,fal-ai/nano-banana-2/edit,characters/TAMARA/pose_blink_nb2,0.080
2026-10-05T04:41:31,fal-ai/nano-banana-2/edit,characters/VIKTOR/pose_talk_oh_nb2,0.080
2026-10-05T04:41:37,fal-ai/nano-banana-2/edit,characters/IVAN/pose_gesture_nb2,0.120
2026-10-05T04:41:42,fal-ai/nano-banana-2/edit,characters/ROBOT/pose_talk_oh_nb2,0.080
2026-10-05T04:41:46,fal-ai/nano-banana-2/edit,characters/TAMARA/pose_talk_nb2,0.080
2026-10-05T04:41:49,fal-ai/minimax/hailuo-02/standard/image-to-video,characters/MILADA/video_idle_hailuo_loop,0.270
2026-10-05T04:41:54,fal-ai/nano-banana-2/edit,characters/TURISTA/pose_gesture_nb2,0.120
2026-10-05T04:41:55,fal-ai/nano-banana-2/edit,characters/VIKTOR/pose_gesture_nb2,0.120
2026-10-05T04:41:57,fal-ai/nano-banana-2/edit,characters/TURISTA/pose_blink_nb2,0.080
2026-10-05T04:41:58,fal-ai/minimax/hailuo-02/standard/image-to-video,characters/JURO/video_idle_hailuo_loop,0.270
2026-10-05T04:42:06,fal-ai/nano-banana-2/edit,characters/ROBOT/pose_gesture_nb2,0.120
2026-10-05T04:42:41,fal-ai/nano-banana-pro/edit,characters/VERA60/pose_seated_pro,0.150
2026-10-05T04:42:55,fal-ai/minimax/hailuo-02/standard/image-to-video,characters/JURAJ/video_idle_hailuo_loop,0.270
2026-10-05T04:43:39,fal-ai/minimax/hailuo-02/standard/image-to-video,characters/DEZI/video_idle_hailuo_loop,0.270
2026-10-05T04:44:31,fal-ai/minimax/hailuo-02/pro/image-to-video,characters/ROBOT/video_idle_hailuo_pro_loop,0.480
2026-10-05T04:44:43,fal-ai/minimax/hailuo-02/pro/image-to-video,characters/IVAN/video_idle_hailuo_pro_loop,0.480
2026-10-05T04:44:51,fal-ai/minimax/hailuo-02/pro/image-to-video,characters/BORIS/video_idle_hailuo_pro_loop,0.480
2026-10-05T04:44:52,fal-ai/minimax/hailuo-02/standard/image-to-video,characters/PALI/video_idle_hailuo_loop,0.270
2026-10-05T04:44:57,fal-ai/nano-banana-2/edit,items/KEEPERNOTE/m2/KEEPERNOTE_single2,0.080
2026-10-05T04:44:57,fal-ai/nano-banana-2/edit,items/BALL/m2/BALL_single2,0.080
2026-10-05T04:45:02,fal-ai/minimax/hailuo-02/pro/image-to-video,characters/NINA/video_idle_hailuo_pro_loop,0.480
2026-10-05T04:45:56,fal-ai/nano-banana-pro/edit,characters/likeness/JANA/lineup,0.150
2026-10-05T04:46:36,fal-ai/minimax/hailuo-02/standard/image-to-video,characters/TRH/video_idle_hailuo_loop,0.270
2026-10-05T04:46:40,fal-ai/minimax/hailuo-02/pro/image-to-video,characters/TURISTA/video_idle_hailuo_pro_loop,0.480
2026-10-05T04:46:44,fal-ai/nano-banana-pro/edit,characters/MIRA60/sheet_3q,0.150
2026-10-05T04:46:46,fal-ai/minimax/hailuo-02/pro/image-to-video,characters/VIKTOR/video_idle_hailuo_pro_loop,0.480
2026-10-05T04:46:47,fal-ai/nano-banana-pro/edit,characters/JANA20/portrait,0.150
2026-10-05T04:46:49,fal-ai/nano-banana-pro/edit,characters/JANA35/sheet_3q,0.150
2026-10-05T04:46:50,fal-ai/minimax/hailuo-02/pro/image-to-video,characters/TAMARA/video_idle_hailuo_pro_loop,0.480
2026-10-05T04:46:54,fal-ai/nano-banana-2/edit,characters/TONO82/edit_blink,0.080
2026-10-05T04:46:54,fal-ai/nano-banana-2/edit,characters/MIRA95/edit_blink,0.080
2026-10-05T04:46:54,fal-ai/nano-banana-2/edit,characters/TONO/edit_blink,0.080
2026-10-05T04:46:56,fal-ai/nano-banana-2/edit,characters/TONO20/edit_blink,0.080
2026-10-05T04:46:57,fal-ai/minimax/hailuo-02/pro/image-to-video,characters/SARA/video_idle_hailuo_pro_loop,0.480
2026-10-05T04:46:57,fal-ai/nano-banana-2/edit,characters/OTO/edit_blink,0.080
2026-10-05T04:46:58,fal-ai/nano-banana-2/edit,characters/OTO82/edit_blink,0.080
2026-10-05T04:47:00,fal-ai/nano-banana-pro/edit,characters/JANA82/sheet_3q,0.150
2026-10-05T04:47:09,fal-ai/nano-banana-2/edit,characters/MIRA95/edit_talk,0.080
2026-10-05T04:47:14,fal-ai/nano-banana-2/edit,characters/TONO82/edit_talk,0.080
2026-10-05T04:47:14,fal-ai/nano-banana-2/edit,characters/TONO/edit_talk,0.080
2026-10-05T04:47:16,fal-ai/nano-banana-2/edit,characters/TONO20/edit_talk,0.080
2026-10-05T04:47:17,fal-ai/nano-banana-2/edit,characters/OTO/edit_talk,0.080
2026-10-05T04:47:18,fal-ai/nano-banana-pro/edit,characters/JANA95/sheet_3q,0.150
2026-10-05T04:47:18,fal-ai/nano-banana-2/edit,characters/OTO82/edit_talk,0.080
2026-10-05T04:47:25,fal-ai/nano-banana-pro/edit,characters/JANA20/laptop,0.150
2026-10-05T04:47:28,fal-ai/nano-banana-2/edit,characters/MIRA95/edit_talk_oh,0.080
2026-10-05T04:47:29,fal-ai/nano-banana-pro/edit,characters/JANA20/plate_room,0.150
2026-10-05T04:47:32,fal-ai/nano-banana-2/edit,characters/OTO/edit_talk_oh,0.080
2026-10-05T04:47:33,fal-ai/nano-banana-2/edit,characters/TONO82/edit_talk_oh,0.080
2026-10-05T04:47:34,fal-ai/nano-banana-2/edit,characters/TONO/edit_talk_oh,0.080
2026-10-05T04:47:38,fal-ai/nano-banana-2/edit,characters/OTO82/edit_talk_oh,0.080
2026-10-05T04:47:38,fal-ai/nano-banana-2/edit,characters/TONO20/edit_talk_oh,0.080
2026-10-05T04:47:52,fal-ai/nano-banana-2/edit,characters/MIRA95/edit_gesture,0.120
2026-10-05T04:47:58,fal-ai/nano-banana-2/edit,characters/TONO82/edit_gesture,0.120
2026-10-05T04:47:58,fal-ai/nano-banana-2/edit,characters/TONO/edit_gesture,0.120
2026-10-05T04:48:00,fal-ai/nano-banana-2/edit,characters/OTO/edit_gesture,0.120
2026-10-05T04:48:02,fal-ai/nano-banana-2/edit,characters/OTO82/edit_gesture,0.120
2026-10-05T04:48:02,fal-ai/nano-banana-2/edit,characters/TONO20/edit_gesture,0.120
2026-10-05T04:48:40,fal-ai/nano-banana-2/edit,characters/JANA35/edit_blink,0.080
2026-10-05T04:48:42,fal-ai/nano-banana-2/edit,characters/JANA82/edit_blink,0.080
2026-10-05T04:48:45,fal-ai/nano-banana-2/edit,characters/MIRA60/edit_blink,0.080
2026-10-05T04:48:47,fal-ai/nano-banana-2/edit,characters/JANA20/edit_blink,0.080
2026-10-05T04:48:52,fal-ai/nano-banana-2/edit,characters/JANA35/edit_variant_q9c,0.120
2026-10-05T04:48:52,fal-ai/nano-banana-2/edit,characters/JANA95/edit_variant_q9c,0.120
2026-10-05T04:48:59,fal-ai/nano-banana-2/edit,characters/JANA35/edit_talk,0.080
2026-10-05T04:49:01,fal-ai/nano-banana-2/edit,characters/JANA20/edit_talk,0.080
2026-10-05T04:49:02,fal-ai/nano-banana-2/edit,characters/JANA82/edit_talk,0.080
2026-10-05T04:49:04,fal-ai/nano-banana-2/edit,characters/MIRA60/edit_talk,0.080
2026-10-05T04:49:12,fal-ai/nano-banana-2/edit,characters/JANA95/edit_blink,0.080
2026-10-05T04:49:12,fal-ai/nano-banana-2/edit,characters/JANA95/edit_variant_q9c_gesture,0.120
2026-10-05T04:49:16,fal-ai/nano-banana-2/edit,characters/JANA35/edit_variant_q9c_gesture,0.120
2026-10-05T04:49:16,fal-ai/nano-banana-2/edit,characters/JANA82/edit_talk_oh,0.080
2026-10-05T04:49:18,fal-ai/nano-banana-2/edit,characters/JANA35/edit_talk_oh,0.080
2026-10-05T04:49:19,fal-ai/nano-banana-2/edit,characters/MIRA60/edit_talk_oh,0.080
2026-10-05T04:49:26,fal-ai/nano-banana-2/edit,characters/JANA95/edit_talk,0.080
2026-10-05T04:49:30,fal-ai/nano-banana-2/edit,characters/JANA20/edit_talk_oh,0.080
2026-10-05T04:49:40,fal-ai/nano-banana-2/edit,characters/JANA82/edit_gesture,0.120
2026-10-05T04:49:42,fal-ai/nano-banana-2/edit,characters/JANA35/edit_gesture,0.120
2026-10-05T04:49:43,fal-ai/nano-banana-2/edit,characters/MIRA60/edit_gesture,0.120
2026-10-05T04:49:45,fal-ai/nano-banana-2/edit,characters/JANA95/edit_talk_oh,0.080
2026-10-05T04:49:58,fal-ai/nano-banana-2/edit,characters/JANA20/edit_gesture,0.120
2026-10-05T04:49:59,fal-ai/nano-banana-2/edit,characters/BOZO/pose_blink_nb2,0.080
2026-10-05T04:50:03,fal-ai/nano-banana-2/edit,characters/VERA60/pose_blink_nb2,0.080
2026-10-05T04:50:08,fal-ai/nano-banana-2/edit,characters/JANA95/edit_gesture,0.120
2026-10-05T04:50:19,fal-ai/nano-banana-2/edit,characters/BOZO/pose_talk_nb2,0.080
2026-10-05T04:50:22,fal-ai/nano-banana-2/edit,characters/VERA60/pose_talk_nb2,0.080
2026-10-05T04:50:38,fal-ai/nano-banana-2/edit,characters/BOZO/pose_talk_oh_nb2,0.080
2026-10-05T04:50:41,fal-ai/nano-banana-2/edit,characters/VERA60/pose_talk_oh_nb2,0.080
2026-10-05T04:50:52,fal-ai/minimax/hailuo-02/standard/image-to-video,characters/BOZO/video_idle_hailuo_loop,0.270
2026-10-05T04:51:02,fal-ai/nano-banana-2/edit,characters/BOZO/pose_gesture_nb2,0.120
2026-10-05T04:51:04,fal-ai/nano-banana-2/edit,characters/VERA60/pose_gesture_nb2,0.120
2026-10-05T04:51:14,fal-ai/minimax/hailuo-02/standard/image-to-video,characters/VERA60/video_idle_hailuo_loop,0.270
2026-10-05T04:51:16,fal-ai/nano-banana-2/edit,characters/BERTA/pose_blink_nb2,0.080
2026-10-05T04:51:19,fal-ai/nano-banana-2/edit,characters/DOBRO/pose_blink_nb2,0.080
2026-10-05T04:51:36,fal-ai/nano-banana-2/edit,characters/BERTA/pose_talk_nb2,0.080
2026-10-05T04:51:39,fal-ai/nano-banana-2/edit,characters/DOBRO/pose_talk_nb2,0.080
2026-10-05T04:51:54,fal-ai/nano-banana-2/edit,characters/BERTA/pose_talk_oh_nb2,0.080
2026-10-05T04:51:58,fal-ai/nano-banana-2/edit,characters/DOBRO/pose_talk_oh_nb2,0.080
2026-10-05T04:52:05,fal-ai/minimax/hailuo-02/standard/image-to-video,characters/BERTA/video_idle_hailuo_loop,0.270
2026-10-05T04:52:19,fal-ai/nano-banana-2/edit,characters/BERTA/pose_gesture_nb2,0.120
2026-10-05T04:52:23,fal-ai/nano-banana-2/edit,characters/DOBRO/pose_gesture_nb2,0.120
2026-10-05T04:52:37,fal-ai/nano-banana-2/edit,characters/RUZENA/pose_blink_nb2,0.080
2026-10-05T04:52:38,fal-ai/nano-banana-2/edit,characters/POSTA/pose_blink_nb2,0.080
2026-10-05T04:52:55,fal-ai/nano-banana-2/edit,characters/RUZENA/pose_talk_nb2,0.080
2026-10-05T04:52:57,fal-ai/nano-banana-2/edit,characters/POSTA/pose_talk_nb2,0.080
2026-10-05T04:53:11,fal-ai/nano-banana-2/edit,characters/POSTA/pose_talk_oh_nb2,0.080
2026-10-05T04:53:13,fal-ai/nano-banana-2/edit,characters/RUZENA/pose_talk_oh_nb2,0.080
2026-10-05T04:53:30,fal-ai/nano-banana-2/edit,characters/POSTA/pose_gesture_nb2,0.120
2026-10-05T04:53:36,fal-ai/nano-banana-2/edit,characters/RUZENA/pose_gesture_nb2,0.120
2026-10-05T04:53:37,fal-ai/minimax/hailuo-02/standard/image-to-video,characters/POSTA/video_idle_hailuo_loop,0.270
2026-10-05T04:53:50,fal-ai/nano-banana-2/edit,characters/LIDA/pose_blink_nb2,0.080
2026-10-05T04:53:56,fal-ai/nano-banana-2/edit,characters/MARTA82/pose_blink_nb2,0.080
2026-10-05T04:54:09,fal-ai/nano-banana-2/edit,characters/LIDA/pose_talk_nb2,0.080
2026-10-05T04:54:15,fal-ai/nano-banana-2/edit,characters/MARTA82/pose_talk_nb2,0.080
2026-10-05T04:54:25,fal-ai/nano-banana-2/edit,characters/LIDA/pose_talk_oh_nb2,0.080
2026-10-05T04:54:32,fal-ai/nano-banana-2/edit,characters/JANA20/plate_room_q9c,0.120
2026-10-05T04:54:36,fal-ai/nano-banana-2/edit,characters/MARTA82/pose_talk_oh_nb2,0.080
2026-10-05T04:54:50,fal-ai/nano-banana-2/edit,characters/LIDA/pose_gesture_nb2,0.120
2026-10-05T04:55:02,fal-ai/nano-banana-2/edit,characters/MARTA82/pose_gesture_nb2,0.120
2026-10-05T04:55:10,fal-ai/nano-banana-2/edit,characters/RUDO/pose_blink_nb2,0.080
2026-10-05T04:55:21,fal-ai/nano-banana-2/edit,characters/SIMON/pose_blink_nb2,0.080
2026-10-05T04:55:26,fal-ai/minimax/hailuo-02/standard/image-to-video,characters/LIDA/video_idle_hailuo_loop,0.270
2026-10-05T04:55:29,fal-ai/nano-banana-2/edit,characters/RUDO/pose_talk_nb2,0.080
2026-10-05T04:55:30,fal-ai/minimax/hailuo-02/pro/image-to-video,characters/TONO20/video_idle_pro,0.480
2026-10-05T04:55:34,fal-ai/minimax/hailuo-02/pro/image-to-video,characters/OTO82/video_idle_pro,0.480
2026-10-05T04:55:36,fal-ai/minimax/hailuo-02/pro/image-to-video,characters/TONO/video_idle_pro,0.480
2026-10-05T04:55:41,fal-ai/nano-banana-2/edit,characters/SIMON/pose_talk_nb2,0.080
2026-10-05T04:55:44,fal-ai/minimax/hailuo-02/pro/image-to-video,characters/TONO82/video_idle_pro,0.480
2026-10-05T04:55:44,fal-ai/nano-banana-2/edit,characters/RUDO/pose_talk_oh_nb2,0.080
2026-10-05T04:55:53,fal-ai/minimax/hailuo-02/pro/image-to-video,characters/JANA35/video_idle_pro,0.480
2026-10-05T04:55:55,fal-ai/nano-banana-2/edit,characters/SIMON/pose_talk_oh_nb2,0.080
2026-10-05T04:56:02,fal-ai/minimax/hailuo-02/pro/image-to-video,characters/MIRA60/video_idle_pro,0.480
2026-10-05T04:56:07,fal-ai/nano-banana-2/edit,characters/RUDO/pose_gesture_nb2,0.120
2026-10-05T04:56:16,fal-ai/minimax/hailuo-02/pro/image-to-video,characters/JANA95/video_idle_pro,0.480
2026-10-05T04:56:19,fal-ai/nano-banana-2/edit,characters/SIMON/pose_gesture_nb2,0.120
2026-10-05T04:56:26,fal-ai/nano-banana-2/edit,characters/SKLAD/pose_blink_nb2,0.080
2026-10-05T04:56:32,fal-ai/nano-banana-pro/edit,characters/TONO/sheet_3q,0.150
2026-10-05T04:56:45,fal-ai/nano-banana-2/edit,characters/SKLAD/pose_talk_nb2,0.080
2026-10-05T04:56:58,fal-ai/minimax/hailuo-02/standard/image-to-video,characters/DOBRO/video_idle_hailuo_loop,0.270
2026-10-05T04:57:04,fal-ai/nano-banana-2/edit,characters/SKLAD/pose_talk_oh_nb2,0.080
2026-10-05T04:57:06,fal-ai/minimax/hailuo-02/standard/image-to-video,characters/RUDO/video_idle_hailuo_loop,0.270
2026-10-05T04:57:28,fal-ai/nano-banana-2/edit,characters/SKLAD/pose_gesture_nb2,0.120
2026-10-05T04:57:45,fal-ai/nano-banana-pro/edit,characters/TONO/sheet_3q,0.150
2026-10-05T04:57:47,fal-ai/nano-banana-2/edit,characters/VIKTOR/pose_talk_oh_nb2_v2,0.080
2026-10-05T04:57:49,fal-ai/minimax/hailuo-02/pro/image-to-video,characters/JANA20/video_idle_pro,0.480
2026-10-05T04:58:11,fal-ai/minimax/hailuo-02/standard/image-to-video,characters/RUZENA/video_idle_hailuo_loop,0.270
2026-10-05T04:58:26,fal-ai/nano-banana-2/edit,characters/TONO/seat_nb2,0.120
2026-10-05T04:59:16,fal-ai/minimax/hailuo-02/standard/image-to-video,characters/MARTA82/video_idle_hailuo_loop,0.270
2026-10-05T05:00:03,fal-ai/nano-banana-2/edit,characters/TONO/raw_blink,0.080
2026-10-05T05:00:17,fal-ai/nano-banana-2/edit,characters/TONO/raw_talk,0.080
2026-10-05T05:00:34,fal-ai/minimax/hailuo-02/pro/image-to-video,characters/OTO/video_idle_pro,0.480
2026-10-05T05:00:39,fal-ai/minimax/hailuo-02/standard/image-to-video,characters/SIMON/video_idle_hailuo_loop,0.270
2026-10-05T05:00:39,fal-ai/nano-banana-2/edit,characters/TONO/raw_talk_oh,0.080
2026-10-05T05:00:43,fal-ai/minimax/hailuo-02/pro/image-to-video,characters/MIRA95/video_idle_pro,0.480
2026-10-05T05:00:43,fal-ai/minimax/hailuo-02/pro/image-to-video,characters/JANA82/video_idle_pro,0.480
2026-10-05T05:01:08,fal-ai/nano-banana-2/edit,characters/TONO/raw_gesture,0.120
2026-10-05T05:01:21,fal-ai/nano-banana-2/edit,characters/SKLAD/pose_talk_oh_nb2_v2,0.080
2026-10-05T05:02:49,fal-ai/minimax/hailuo-02/standard/image-to-video,characters/SKLAD/video_idle_hailuo_loop,0.270
2026-10-05T05:03:48,fal-ai/nano-banana-2/edit,characters/SARA/pose_gesture_nb2_v2,0.120
2026-10-05T05:03:53,fal-ai/nano-banana-2/edit,characters/TAMARA/pose_gesture_nb2_v2,0.120
2026-10-05T05:08:16,fal-ai/minimax/hailuo-02/pro/image-to-video,characters/TONO/video_idle_pro,0.480
2026-10-05T05:12:17,fal-ai/minimax/hailuo-02/pro/image-to-video,characters/NINA/video_idle_hailuo_pro_loop_v2,0.480
2026-10-05T05:16:37,fal-ai/minimax/hailuo-02/standard/image-to-video,characters/BOZO/video_idle_hailuo_loop_v2,0.270
2026-10-05T05:16:50,fal-ai/minimax/hailuo-02/standard/image-to-video,characters/SKLAD/video_idle_hailuo_loop_v2,0.270
2026-10-05T05:18:07,fal-ai/minimax/hailuo-02/pro/image-to-video,characters/NINA/video_idle_hailuo_pro_loop_v3_blue,0.480
2026-10-05T05:18:55,fal-ai/nano-banana-2/edit,characters/VIERA/pose_blink_nb2,0.080
2026-10-05T05:18:59,fal-ai/nano-banana-2/edit,characters/JURO/pose_gesture_nb2,0.120
2026-10-05T05:19:00,fal-ai/nano-banana-2/edit,characters/JURAJ/pose_gesture_nb2,0.120
2026-10-05T05:22:28,fal-ai/minimax/hailuo-02/standard/image-to-video,characters/POSTA/video_idle_hailuo_loop_v2,0.270
2026-10-05T05:22:41,fal-ai/minimax/hailuo-02/standard/image-to-video,characters/DOBRO/video_idle_hailuo_loop_v2,0.270
2026-10-05T05:29:20,fal-ai/minimax/hailuo-02/standard/image-to-video,characters/BOZO/video_idle_hailuo_loop_v3,0.270
2026-10-05T05:34:25,fal-ai/minimax/hailuo-02/standard/image-to-video,characters/FOTO/video_idle_hailuo_loop_r2,0.270
2026-10-05T05:34:25,fal-ai/minimax/hailuo-02/standard/image-to-video,characters/PALI/video_idle_hailuo_loop_r2,0.270
2026-10-05T05:34:25,fal-ai/minimax/hailuo-02/standard/image-to-video,characters/SONA/video_idle_hailuo_loop_r2,0.270
2026-10-05T05:34:33,fal-ai/minimax/hailuo-02/standard/image-to-video,characters/LEA95/video_idle_hailuo_loop_r2,0.270
2026-10-05T05:34:49,fal-ai/minimax/hailuo-02/standard/image-to-video,characters/ZITA/video_idle_hailuo_loop_r2,0.270
2026-10-05T05:34:49,fal-ai/minimax/hailuo-02/standard/image-to-video,characters/POSTA/video_idle_hailuo_loop_v3,0.270
2026-10-05T05:34:57,fal-ai/minimax/hailuo-02/standard/image-to-video,characters/JURAJ/video_idle_hailuo_loop_r2,0.270
2026-10-05T05:35:32,fal-ai/minimax/hailuo-02/standard/image-to-video,characters/JURO/video_idle_hailuo_loop_r2,0.270
2026-10-05T05:35:32,fal-ai/minimax/hailuo-02/standard/image-to-video,characters/TRH/video_idle_hailuo_loop_r2,0.270
2026-10-05T05:35:38,fal-ai/minimax/hailuo-02/standard/image-to-video,characters/DEZI/video_idle_hailuo_loop_r2,0.270
2026-10-05T05:35:58,fal-ai/minimax/hailuo-02/standard/image-to-video,characters/MILADA/video_idle_hailuo_loop_r2,0.270
2026-10-05T05:39:13,fal-ai/nano-banana-2/edit,characters/MARTA82/pose_gesture_nb2_v2,0.120
2026-10-05T05:40:12,fal-ai/nano-banana-2/edit,characters/MARTA82/pose_gesture_nb2_v3,0.120
2026-10-05T06:09:52,fal-ai/nano-banana-pro/edit,cutscenes/CS01_1_v1,0.150
2026-10-05T06:10:19,fal-ai/nano-banana-pro/edit,cutscenes/CS01_2_v1,0.150
2026-10-05T06:11:34,fal-ai/nano-banana-pro/edit,cutscenes/CS03_2_v1,0.150
2026-10-05T06:11:35,fal-ai/nano-banana-pro/edit,cutscenes/CS05_2_v1,0.150
2026-10-05T06:11:35,fal-ai/nano-banana-pro/edit,cutscenes/CS01_3_v1,0.150
2026-10-05T06:11:36,fal-ai/nano-banana-pro/edit,cutscenes/CS02_1_v1,0.150
2026-10-05T06:11:36,fal-ai/nano-banana-pro/edit,cutscenes/CS02_2_v1,0.150
2026-10-05T06:11:36,fal-ai/nano-banana-pro/edit,cutscenes/CS04_1_v1,0.150
2026-10-05T06:11:40,fal-ai/nano-banana-pro/edit,cutscenes/CS03_1_v1,0.150
2026-10-05T06:12:09,fal-ai/nano-banana-pro/edit,cutscenes/CS07_3_v1,0.150
2026-10-05T06:12:12,fal-ai/nano-banana-pro/edit,cutscenes/CS05_1_v1,0.150
2026-10-05T06:12:37,fal-ai/nano-banana-pro/edit,cutscenes/CS07_4_v1,0.150
2026-10-05T06:12:40,fal-ai/nano-banana-pro/edit,cutscenes/CS06_1_v1,0.150
2026-10-05T06:12:41,fal-ai/nano-banana-pro/edit,cutscenes/CS07_5_v1,0.150
2026-10-05T06:13:22,fal-ai/nano-banana-pro/edit,cutscenes/EPILOGUE_1_v1,0.150
2026-10-05T06:13:25,fal-ai/nano-banana-pro/edit,cutscenes/EPILOGUE_2_v1,0.150
2026-10-05T06:13:26,fal-ai/nano-banana-pro/edit,cutscenes/CS08_1_v1,0.150
2026-10-05T06:13:31,fal-ai/nano-banana-pro/edit,cutscenes/EPILOGUE_5_v1,0.150
2026-10-05T06:13:42,fal-ai/nano-banana-pro/edit,cutscenes/EPILOGUE_3_v1,0.150
2026-10-05T06:13:42,fal-ai/nano-banana-pro/edit,cutscenes/CS09_1_v1,0.150
2026-10-05T06:13:45,fal-ai/nano-banana-pro/edit,cutscenes/CS09_2_v1,0.150
2026-10-05T06:13:46,fal-ai/nano-banana-pro/edit,cutscenes/EPILOGUE_4_v1,0.150
2026-10-05T06:13:59,fal-ai/nano-banana-pro/edit,cutscenes/EPILOGUE_8_v1,0.150
2026-10-05T06:14:09,fal-ai/nano-banana-pro/edit,cutscenes/EPILOGUE_9_v1,0.150
2026-10-05T06:14:13,fal-ai/nano-banana-pro/edit,cutscenes/EPILOGUE_7_v1,0.150
2026-10-05T06:14:19,fal-ai/nano-banana-pro/edit,cutscenes/EPILOGUE_6_v1,0.150
2026-10-05T06:18:04,fal-ai/nano-banana-pro/edit,cutscenes/CS05_1_v2,0.150
2026-10-05T06:18:05,fal-ai/nano-banana-pro/edit,cutscenes/CS07_4_v2,0.150
2026-10-05T06:18:09,fal-ai/nano-banana-pro/edit,cutscenes/CS03_2_v2,0.150
2026-10-05T06:18:13,fal-ai/nano-banana-pro/edit,cutscenes/EPILOGUE_2_v2,0.150
2026-10-05T06:18:19,fal-ai/nano-banana-pro/edit,cutscenes/EPILOGUE_5_v2,0.150
2026-10-05T06:18:24,fal-ai/nano-banana-pro/edit,cutscenes/CS06_1_v2,0.150
2026-10-05T06:18:29,fal-ai/nano-banana-pro/edit,cutscenes/CS09_1_v2,0.150
2026-10-05T06:18:34,fal-ai/nano-banana-pro/edit,cutscenes/EPILOGUE_9_v2,0.150
2026-10-05T06:18:42,fal-ai/nano-banana-pro/edit,cutscenes/CS04_2_v1,0.150
2026-10-05T06:19:02,fal-ai/nano-banana-pro/edit,cutscenes/CS08_2_v1,0.150
2026-10-05T06:21:41,fal-ai/nano-banana-pro/edit,cutscenes/CS08_2_v2,0.150
2026-10-05T06:21:48,fal-ai/nano-banana-pro/edit,cutscenes/CS07_2_v1,0.150
2026-10-05T06:21:51,fal-ai/nano-banana-pro/edit,cutscenes/CS06_2_v1,0.150
2026-10-05T06:24:25,fal-ai/nano-banana-pro/edit,cutscenes/CS06_2_v2,0.150
2026-10-05T06:24:30,fal-ai/nano-banana-pro/edit,cutscenes/CS07_1_v1,0.150
2026-10-05T06:27:01,fal-ai/nano-banana-pro/edit,cutscenes/CS07_1_v2,0.150
