keys,game_json,sk,note
quest.M01.hint.3,G01 brašna → G02 Ela → lístok na Danu → nákup na stolík → rozhovor s Mirou pod zatvoreným oknom.,Vezmi servisnú brašnu → ponúkni Ele pomoc s nákupom → lístok na Danu → nákup na stolík → rozhovor s Mirou pod zatvoreným oknom.,"TEXT-01: internal ids replaced by in-game names, same steps and meaning"
quest.M02.hint.3,Kľúč na dvere → chronometer z puzdra → náradie na kolísku → poistka z garáže → vložiť → spojiť rovnaké tvary v P01.,Kľúč na dvere → chronometer z puzdra → náradie na kolísku → poistka z garáže → vložiť → na tvarovom paneli spojiť rovnaké tvary.,"TEXT-01: internal ids replaced by in-game names, same steps and meaning"
quest.M03.hint.3,B01 nástenka → chronometer na Tóna → rozhovor s Mirou v S14.,Oznam krúžku na nástenke → chronometer na Tóna → rozhovor s Mirou v triede pamäťového krúžku.,"TEXT-01: internal ids replaced by in-game names, same steps and meaning"
quest.M04.hint.3,Náradie na S16.deck → starý remienok na Paliho S20 → nový remienok na S16.deck.,Náradie na kazetový mechanizmus → starý remienok na Paliho v opravovni → nový remienok na kazetový mechanizmus.,"TEXT-01: internal ids replaced by in-game names, same steps and meaning"
quest.M05.hint.3,Kazeta na Jura → náradie na Ferovu váhu → Milada o návlečku → konektor + adaptér → návlečka + zapojený adaptér → hotová prepojka na S16.socket.,Kazeta na Jura → náradie na Ferovu váhu → Milada o návlečku → konektor + adaptér → návlečka + zapojený adaptér → hotová prepojka na servisný zvukový vstup.,"TEXT-01: internal ids replaced by in-game names, same steps and meaning"
quest.M06.hint.3,Poverenie na Karola S23 → negatív na Alenu S24 → fotografia na Vieru S22 → fólia + mapa → v P02 otočiť o 180° a potvrdiť.,Poverenie na Karola v archívnej študovni → negatív na Alenu vo fotoateliéri → fotografia na Vieru v antikvariáte → fólia + mapa → pri zarovnaní fólie otočiť o 180° a potvrdiť.,"TEXT-01: internal ids replaced by in-game names, same steps and meaning"
quest.M07.hint.3,Mapa na Deziho → požičať metronóm → klik na rytmický nákres S17 → cievka na držiak S30 → metronóm na stolík → po získaní pôvodnej kazety nastaviť 3–2–6.,Mapa na Deziho → požičať metronóm → klik na rytmický nákres na školskom dvore → cievka na držiak v nábrežnom meracom prístrešku → metronóm na stolík → po získaní pôvodnej kazety nastaviť 3–2–6.,"TEXT-01: internal ids replaced by in-game names, same steps and meaning"
quest.M08.hint.3,Chronometer na Ota → lístok na Štefana → náradie na svorku S34 → dierovač + koža → nity + dierovaná manžeta → manžeta na pumpu → Oto dá kľúč → kľúč na dvere S38.,Chronometer na Ota → lístok na Štefana → náradie na svorku v kultúrnej sále → dierovač + koža → nity + dierovaná manžeta → manžeta na pumpu → Oto dá kľúč → kľúč na dvere skúšobnej čerpacej búdky.,"TEXT-01: internal ids replaced by in-game names, same steps and meaning"
quest.M09.hint.3,Rozhovor Mira S39 → rydlo od Very S37 → papier z povaly → papier na platňu S39 → rydlo + odtlačok.,Rozhovor s Mirou v miestnosti prvého ZVONu → rydlo od Very v parku pri kaštieli → papier z povaly → papier na platňu v miestnosti prvého ZVONu → rydlo + odtlačok.,"TEXT-01: internal ids replaced by in-game names, same steps and meaning"
quest.M10.hint.3,"Uhlový papier S33 → papier + registračný list → dvojitý list na Alojza → potvrdený list na kovovú schránku S40, keď máš aj čitateľný odtlačok.","Uhlový papier na pošte → papier + registračný list → dvojitý list na Alojza → potvrdený list na kovovú schránku na povale technického archívu, keď máš aj čitateľný odtlačok.","TEXT-01: internal ids replaced by in-game names, same steps and meaning"
quest.M11A.hint.3,C01 u Miry → PHONE na S52.photo → CHRONO na TONO20 → kniha S54.log → LOG1982 na S51.clock.,Overený odtlačok z roku 1960 ukáž Mire → telefón na roh dvora so servisným oknom → chronometer na Tóna pri servisnom okne → servisná kniha z roku 1982 vo fyzikálnom kabinete → kópia servisného záznamu na rám starých hodín.,"TEXT-01: internal ids replaced by in-game names, same steps and meaning"
quest.M11B.hint.3,CHRONO na TONO82 → PHOTO2020 na TONO82 → lístok Marte S65 → diely na stôl S63 → pohár od Ruženy S62 → JAR + BRIDGE_NEW → ohrádka od Šimona S66 → SEALED_NEW na dutinu S61 → TREEGUARD na lipu → potvrdiť Šimonovi.,Chronometer na malého Tóna → chránená fotografia dvora 2020 na malého Tóna → lístok Marte vo výdajni údržbového materiálu → diely na stôl vo fyzikálnom kabinete → pohár od Ruženy v sídliskovom obchode → pohár + nový keramický mostík → ohrádka od Šimona v záhradnom sklade → zapečatený pohár na dutinu v múriku dvora → ohrádka na lipu → potvrdiť Šimonovi.,"TEXT-01: internal ids replaced by in-game names, same steps and meaning"
quest.M11C.hint.3,Téma E11 u Tóna S13 → TOOLS na dutinu S55 → P05 rad 2 stĺpec 3 → TOOLS + SEALED_OLD → RETURNBRIDGE na TONO20.,"Téma Lastovička sa vracia u Tóna vo vstupnej chodbe → servisná brašna na miesto pôvodnej dutiny na dvore 2020 → v múriku rad 2, stĺpec 3 → brašna + vyzdvihnutý pohár → zachovaný návratový mostík na Tóna pri servisnom okne.","TEXT-01: internal ids replaced by in-game names, same steps and meaning"
quest.M11D.hint.3,Ela C02 → HANDOVER na Romana → HANDOVER_R na Elu → CHAIN na S10.chrono; mostík musí byť v brašni.,Ela: protokol presunu Mirkinho archívu → protokol o odovzdaní na Romana → protokol s Romanovým podpisom na Elu → potvrdené odovzdanie 2020 na stolový uzol ZVON; mostík musí byť v brašni.,"TEXT-01: internal ids replaced by in-game names, same steps and meaning"
quest.M12.hint.3,Nina S42 → TAPE na Tamaru S43 → CHAIN na Borisa S44 → CATALOG na Sáru S46 → LIFT_TICKET na čítačku S41 → nástup Funitel S67 → dokončiť jazdu S68 → PHONE na panel S47 → READER na terminál S48.,Nina pred hotelom → kazeta na Tamaru v lobby → potvrdené odovzdanie na Borisa vo výstavnom salóne → katalógová karta na Sáru v klientskom centre → spiatočný lístok na čítačku pri dolnej stanici → nástup na Funitel na Priehybe → dokončiť jazdu → telefón na panel pri Rotunde → zvuková čítačka na servisný terminál v pavilóne Atlas.,"TEXT-01: internal ids replaced by in-game names, same steps and meaning"
quest.M13.hint.3,CHRONO na S45.sensor → PULSE na S48.terminal → RETURNBRIDGE na S50.bridge → klik prepínač MONITOR → potvrdiť terminál S48.,Chronometer na pasívny stojan pri chodníku → referenčná stopa na servisný terminál → návratový mostík na oddelený konektor Atlasu → klik prepínač MONITOR → potvrdiť servisný terminál.,"TEXT-01: internal ids replaced by in-game names, same steps and meaning"
quest.M14.hint.3,LEA_MESSAGE na VIKTOR v S49. Všetky ďalšie emócie a súhlas sa odohrajú pevne podľa scenára.,Leina hlasová správa na Viktora v chronokomore. Všetky ďalšie emócie a súhlas sa odohrajú pevne podľa scenára.,"TEXT-01: internal ids replaced by in-game names, same steps and meaning"
quest.M15.hint.3,"ORIGIN → Pôvod; TAPE → Hlas; CHAIN → Súhlas; PATCH → Návrat. P04: 1960, 1995, 2020, 2035. Potom klikni Obnoviť záznamy.","Overený odtlačok → Pôvod; kazeta → Hlas; potvrdené odovzdanie → Súhlas; obnovovací postup → Návrat. Roky svedectiev: 1960, 1995, 2020, 2035. Potom klikni Obnoviť záznamy.","TEXT-01: internal ids replaced by in-game names, same steps and meaning"
quest.Q1.hint.3,Porozprávaj sa s Lenkou S02 → vezmi loptičku S08 → použi ju na Lenku S02.,Porozprávaj sa s Lenkou na ulici medzi plotmi → vezmi loptičku pri retenčnej nádrži → použi ju na Lenku.,"TEXT-01: internal ids replaced by in-game names, same steps and meaning"
quest.Q2.hint.3,Jozef S07 → téma veľký oznam u Ely S03 → FLYER na vývesku S07.,Jozef pri výveske → téma veľký oznam u Ely vo výdajnom mieste → veľký oznam na vývesku.,"TEXT-01: internal ids replaced by in-game names, same steps and meaning"
quest.Q3.hint.3,Soňa S17 → Zita S18 → tímový negatív na Alenu S24 → tímová fotografia na Soňu.,Soňa na školskom dvore → Zita pri kiosku → tímový negatív na Alenu vo fotoateliéri → tímová fotografia na Soňu.,"TEXT-01: internal ids replaced by in-game names, same steps and meaning"
quest.Q4.hint.3,Téma melódie u Emila S19 → Viera S22 → SCORE na Emila.,Téma melódie u Emila na Karloveskom nástupišti → Viera v antikvariáte → noty na Emila.,"TEXT-01: internal ids replaced by in-game names, same steps and meaning"
quest.Q5.hint.3,Juraj S28 → po zápise návštevy Tóno S13 → CHALK na panel S28.,Juraj v podchode → po zápise návštevy Tóno vo vstupnej chodbe → krieda na panel v podchode.,"TEXT-01: internal ids replaced by in-game names, same steps and meaning"
quest.Q6.hint.3,Alojz S33 → Štefan S35 → SEEDS na holubiu misku S37 → ozvi sa Alojzovi.,Alojz na pošte → Štefan na dvore dielne → semená na holubiu misku v parku → ozvi sa Alojzovi.,"TEXT-01: internal ids replaced by in-game names, same steps and meaning"
quest.Q7.hint.3,Rudo S34 → scenár S40 → PLAY na Ruda.,Rudo v kultúrnej sále → scenár na povale archívu → scenár na Ruda.,"TEXT-01: internal ids replaced by in-game names, same steps and meaning"
quest.Q8.hint.3,Očko S41 → lavička S45 → DELIVERY_NOTE na Tamaru S43 → DELIVERY_OK na Očko.,Očko pri dolnej stanici → lavička pri Vrbickom plese → doručovacia požiadavka na Tamaru v lobby → potvrdenie opravovne na Očko.,"TEXT-01: internal ids replaced by in-game names, same steps and meaning"
quest.Q9.hint.3,"Jana 82 S60 → JANA_DRAWING na Dobroviča → JANA_APPROVED na Janu 82. Potom voliteľne rozhovory Jana 95 S15, Jana 20 S54 a Jana 35 S44.","Jana v triede pred výstavkou → Janina schéma na Dobroviča → schéma s povolením na Janu. Potom voliteľne rozhovory s Janou vo fyzikálnom kabinete 1995, v kabinete 2020 a vo výstavnom salóne 2035.","TEXT-01: internal ids replaced by in-game names, same steps and meaning"
puzzle.P01.clue,S10.panel: spoj rovnaké tvary. Farby nie sú rozhodujúce.,Tvarový panel: spoj rovnaké tvary. Farby nie sú rozhodujúce.,"TEXT-01: internal ids replaced by in-game names, same steps and meaning"
puzzle.P03.clue,"S17.rhythm a zápisník: TRI VLNY, DVA ÚDERY, ŠESŤ DIELIKOV.","Rytmický nákres a zápisník: TRI VLNY, DVA ÚDERY, ŠESŤ DIELIKOV.","TEXT-01: internal ids replaced by in-game names, same steps and meaning"
puzzle.P05.clue,CACHEMAP1982 aj KEEPERNOTE1995 uvádzajú druhý rad zhora a tretí kameň zľava. Na pozadí možno porovnať pôvodnú fotografiu a nový strom.,Nákres servisnej dutiny aj Tónova poznámka z roku 1995 uvádzajú druhý rad zhora a tretí kameň zľava. Na pozadí možno porovnať pôvodnú fotografiu a nový strom.,"TEXT-01: internal ids replaced by in-game names, same steps and meaning"
