keys,old,new
look.S30.dial,Tri kolieska: 0–9. Štítok písala babka: „Číslice – nákres v Sokolíkovskom dvore.“ Treba aj mapu uzlov a kazetu.,Tri kolieska: 0–9. Štítok písala babka: „Číslice – nákres pri LEALe.“ Treba aj mapu uzlov a kazetu.
action.B17.journal,Požičaj si Emilov metronóm a prečítaj rytmický nákres v Sokolíkovskom dvore.,Požičaj si Emilov metronóm a prečítaj rytmický nákres pri LEALe.
action.B17.objective,Požičaj si Emilov metronóm a prečítaj rytmický nákres v Sokolíkovskom dvore.,Požičaj si Emilov metronóm a prečítaj rytmický nákres pri LEALe.
action.B17.003,"Lepší bude metronóm, má ho Emil v Karlovej Vsi. Tri číslice namaľovala Mira na múr v Sokolíkovskom dvore.","Lepší bude metronóm, má ho Emil v Karlovej Vsi. Tri číslice namaľovala Mira na múr pri LEALe."
action.B17.004,Do Sokolíkovského dvora sa vraciam dobrovoľne. Ako žiak som tam chodil iba po loptu.,K LEALu sa vraciam dobrovoľne. Ako žiak som tam chodil iba po loptu.
quest.M07.hint.2,"Dezider dá cievku, Emil metronóm. Tri číslice sú na múre v Sokolíkovskom dvore.","Dezider dá cievku, Emil metronóm. Tri číslice sú na múre pri LEALe."
quest.M07.hint.3,"Mapa na Dezidera → téma „Metronóm na meranie“ u Emila → prečítaj rytmický nákres v Sokolíkovskom dvore → cievka na držiak na Starom moste → metronóm na stolík → keď máš pôvodnú kazetu, nastav 3–2–6.","Mapa na Dezidera → téma „Metronóm na meranie“ u Emila → prečítaj rytmický nákres pri LEALe → cievka na držiak na Starom moste → metronóm na stolík → keď máš pôvodnú kazetu, nastav 3–2–6."
puzzle.P03.wrong,Nesedí to. Správne číslice sú na rytmickom nákrese v Sokolíkovskom dvore.,Nesedí to. Správne číslice sú na rytmickom nákrese pri LEALe.
ui.hint_step.B19,V Sokolíkovskom dvore si prečítaj rytmický nákres na múre.,Pri LEALe si prečítaj rytmický nákres na múre.
hint.where.B19,"V Sokolíkovskom dvore, na múre.","Pri LEALe, na múre."
hint.where.Q11A,Na dvore pri Sokolíkovej.,"Pri LEALe, na dvore medzi blokmi."
hint.where.Q11B,"V Sokolíkovskom dvore, pod pichľavým stromom, kde končia lopty.","Pri LEALe, pod pichľavým stromom, kde končia lopty."
hint.where.Q11C,"V Sokolíkovskom dvore, u Kuba.","Pri LEALe, u Kuba."
room.S69.name,Sokolíkovský dvor,Pri LEALe
exit.S18.to_S69.label,Sokolíkovský dvor,Pri LEALe
conn.S18.S69.label,Sokolíkovský dvor,Pri LEALe
entry.S69.001,Sokolíkovský dvor. Tu som raz prehodil loptu cez múr a hľadal som ju až do tmy.,Pri LEALe. Tu som raz prehodil loptu cez múr a hľadal som ju až do tmy.
topic.ZITA.extra 2.002,"Sokolíkovský dvor. Ihrisko, lavička a deti, čo prehadzujú loptu cez múr.","Tam? To je pri LEALe. Ihrisko, lavička a deti, čo prehadzujú loptu cez múr."
quest.Q11.hint.1,"Kubo v Sokolíkovskom dvore má na bicykli zvonček, ktorý nezvoní.","Kubo pri LEALe má na bicykli zvonček, ktorý nezvoní."
quest.Q11.hint.3,Téma „Zvonček na bicykli“ u Kuba → modrý smrek v Sokolíkovskom dvore → vrchnák zvončeka na Kubov bicykel.,Téma „Zvonček na bicykli“ u Kuba → modrý smrek pri LEALe → vrchnák zvončeka na Kubov bicykel.
action.Q11A.objective,Pod modrým smrekom v Sokolíkovskom dvore nájdi vrchnák Kubovho zvončeka.,Pod modrým smrekom pri LEALe nájdi vrchnák Kubovho zvončeka.
action.Q11A.journal,Pod modrým smrekom v Sokolíkovskom dvore nájdi vrchnák Kubovho zvončeka.,Pod modrým smrekom pri LEALe nájdi vrchnák Kubovho zvončeka.
action.Q11A.hint_step,V Sokolíkovskom dvore sa porozprávaj s Kubom o zvončeku na bicykli.,Pri LEALe sa porozprávaj s Kubom o zvončeku na bicykli.
action.Q11B.hint_step,Pohľadaj vrchnák zvončeka pod modrým smrekom v Sokolíkovskom dvore.,Pohľadaj vrchnák zvončeka pod modrým smrekom pri LEALe.
action.B19.hint_step,V Sokolíkovskom dvore si prečítaj rytmický nákres na múre.,Pri LEALe si prečítaj rytmický nákres na múre.
