id,kind,path,brief,size,variants
S01,background,bg/S01.webp,"Jesenné popoludnie. Garáž v rodinnom dome, stôl s opravovaným rádiom vľavo, zásuvky na súčiastky vpravo, látková brašna na stoličke. Priestor pôsobí obývane, nie ako tajné laboratórium.",1920x1080,Pozri location_families a causal_effects.
S02,background,bg/S02.webp,"Fiktívna obytná ulica. Domy, rôzne ploty, dodávka kuriéra vpravo, otvorený peší chodník. Žiadne skutočné čísla domov.",1920x1080,Pozri location_families a causal_effects.
S03,background,bg/S03.webp,"Vonkajší prístrešok s výdajnými stolmi, pásky určujú odstup, Ela sedí pod bočnou stenou. Krabice s potravinami, papierové zoznamy, rúška a dezinfekcia.",1920x1080,Pozri location_families a causal_effects.
S04,background,bg/S04.webp,"Malá vymyslená predajňa, vonkajší výdaj cez okno, plastová prepravka na stole. Dana za sklom, kreslené ceny bez konkrétnych značiek.",1920x1080,Pozri location_families a causal_effects.
S05,background,bg/S05.webp,"Bránka staršej záhradky, vonkajší stolík na nákup, zvonček, okno domu v pozadí. Žiadny vstup do domu.",1920x1080,Pozri location_families a causal_effects.
S06,background,bg/S06.webp,"Bočný vonkajší chodníček oddelený od obývanej časti záhrady plôtikom. Mira za zatvoreným veľkým oknom, hovoria cez telefón. Rodinná fotografia je zavesená vo vnútri viditeľne cez sklo.",1920x1080,Pozri location_families a causal_effects.
S07,background,bg/S07.webp,"Fiktívny chodník so zastávkovým prístreškom a komunitnou výveskou. Oznámenia o susedskej pomoci, online škole a odklade stretnutia. V pozadí obytná zástavba.",1920x1080,Pozri location_families a causal_effects.
S08,background,bg/S08.webp,"Vymyslená malá retenčná nádrž, bezpečný breh s lavičkou, papraď, koniec cyklochodníka. Predmety iba na suchej prístupnej strane zábradlia.",1920x1080,Pozri location_families a causal_effects.
S09,background,bg/S09.webp,"Samostatná neobývaná stavba s vonkajším vstupom, staré kufre, regál so školskými pomôckami a uzamknuté puzdro na stole. Za otvorom ďalšia dielňa.",1920x1080,Pozri location_families a causal_effects.
S10,background,bg/S10.webp,"Zadná miestnosť s nízkonapäťovým stolovým prístrojom, tromi tvarovými konektormi, veľkou papierovou schémou a modrým svetlom v kruhovom ráme.",1920x1080,Pozri location_families a causal_effects.
S11,background,bg/S11.webp,"Štylizovaná zastávka pri sídlisku, červeno-krémová električka bez čísla linky, papierový cestovný poriadok, typové hodiny nad prístreškom fungujú ako časový uzol.",1920x1080,Pozri location_families a causal_effects.
S12,background,bg/S12.webp,"Rozpoznateľný názov ZŠ Sokolíkova na tabuli, školská budova ako výtvarná interpretácia, betónové kvetináče, nástenka popoludňajšieho krúžku. Neobnovovať dnešnú rekonštrukciu ako stav 1995.",1920x1080,Pozri location_families a causal_effects.
S13,background,bg/S13.webp,"Terazzo, lavičky pri šatniach, školnícky stôl, zväzky kľúčov, drevené dvere. Tóno sedí pri evidencii návštev.",1920x1080,Pozri location_families a causal_effects.
S14,background,bg/S14.webp,"Zelená tabuľa, lavice, papierové mapy, Mira pri stole s magnetofónom. Prebieha popoludňajší krúžok, nie bežné vyučovanie. Učiteľka Lea pri okne.",1920x1080,Pozri location_families a causal_effects.
S15,background,bg/S15.webp,"Skrine s modelmi, nízkonapäťové zdroje, nákres ZVON, stará školská kronika na stojane. Žiadne nebezpečné pokusy ani zásahy do siete.",1920x1080,Pozri location_families a causal_effects.
S16,background,bg/S16.webp,"Malá miestnosť s kazetovým mechanizmom na stole, rozhlasový pult, zásuvka na prepojovací adaptér, papierový zoznam hlásení.",1920x1080,Pozri location_families a causal_effects.
S17,background,bg/S17.webp,"Ihrisko, lavička pod lipou, výtvarný panel so štyrmi tvarmi a rytmickým nákresom, Soňa s albumom. Adamovo desaťročné ja je iba vzdialená neinteraktívna silueta za oknom.",1920x1080,Pozri location_families a causal_effects.
S18,background,bg/S18.webp,"Novinový kiosk Zity, lavičky, sušiaky za plotom, farebné obaly žuvačiek bez značiek. Dvor ako skratka medzi školou a zastávkou.",1920x1080,Pozri location_families a causal_effects.
S19,background,bg/S19.webp,"Vymyslené rozšírené nástupište, pod prístreškom harmonikár Emil, na stolíku mechanický metronóm. Výhľad na svah a paneláky.",1920x1080,Pozri location_families a causal_effects.
S20,background,bg/S20.webp,"Malá dielňa opravára elektroniky, zásuvky s gumičkami, osciloskop a vypnutý televízor. Cedule písané rukou.",1920x1080,Pozri location_families a causal_effects.
S21,background,bg/S21.webp,"Výtvarne skrátené námestie, dobové fasády a chodci, vymyslený stánok s mapami, holub a fontánka bez tvrdenia o presnom umiestnení v danom roku.",1920x1080,Pozri location_families a causal_effects.
S22,background,bg/S22.webp,"Fiktívny antikvariát, zásuvky mapových príloh, rebrík, knihy a noty. Majiteľka Viera má okuliare na retiazke.",1920x1080,Pozri location_families a causal_effects.
S23,background,bg/S23.webp,"Fiktívna malá technická študovňa; žiadne tvrdenie o skutočnom mestskom archíve. Kartotéka, pracovný stôl, fond darov M. Hruškovej.",1920x1080,Pozri location_families a causal_effects.
S24,background,bg/S24.webp,"Vymyslený fotoateliér s bočnou tmavou komorou mimo navigovateľnej plochy, sušiace šnúry, zväčšovák a rodinné portréty.",1920x1080,Pozri location_families a causal_effects.
S25,background,bg/S25.webp,"Štylizované trhovisko s pracovným stolom predajcu drobnej elektroniky, susedný stánok so zeleninou a červenobielym slnečníkom.",1920x1080,Pozri location_families a causal_effects.
S26,background,bg/S26.webp,"Vymyslená drobná prevádzka v pasáži; Milada pri šijacom stroji, škatule s lemovkami, návin textilnej izolačnej pásky.",1920x1080,Pozri location_families a causal_effects.
S27,background,bg/S27.webp,"Vymyslená klubovňa zberateľov nahrávok, Juro pri slúchadlách, katalóg pások, jednoduchý krížový adaptér s chýbajúcim konektorom.",1920x1080,Pozri location_families a causal_effects.
S28,background,bg/S28.webp,"Presvetlený peší podchod s legálnym výtvarným panelom, mladý výtvarník Juraj, staré výlepy, kachličky. Žiadne hrozivé stereotypy o štvrti.",1920x1080,Pozri location_families a causal_effects.
S29,background,bg/S29.webp,"Fiktívna garáž číslo 17, technik Dezider pri nízkonapäťovom meraní, rádioamatérska anténa ako silueta vonku, slučková cievka na stene.",1920x1080,Pozri location_families a causal_effects.
S30,background,bg/S30.webp,"Fiktívny servisný prístrešok pri Dunaji, izolovaný demoobvod, tri mechanické číslice, stojan na cievku a metronóm. Voda za zábradlím.",1920x1080,Pozri location_families a causal_effects.
S31,background,bg/S31.webp,"Dobovo štylizovaná malá stanica, mechanické hodiny, drevená lavička, batožinový vozík. Geometria je herná kompozícia, nie presná rekonštrukcia.",1920x1080,Pozri location_families a causal_effects.
S32,background,bg/S32.webp,"Nízke domy, bicykel, studňa s krytom, obecná oznamovacia tabuľa, obyvateľka pani Berta.",1920x1080,Pozri location_families a causal_effects.
S33,background,bg/S33.webp,"Vymyslená poštová miestnosť s prepážkou, podložkou na prepisové papiere, pečiatkou a oknom pre holuba.",1920x1080,Pozri location_families a causal_effects.
S34,background,bg/S34.webp,"Prázdna fiktívna sála, maličké javisko s uvoľnenou stolovou svorkou kulisy, kostymérka Lída a ochotník Rudo.",1920x1080,Pozri location_families a causal_effects.
S35,background,bg/S35.webp,"Fiktívny dvor civilnej hospodárskej prevádzky, výdajné okienko materiálu, police s remenárskymi zvyškami, vrecia osiva.",1920x1080,Pozri location_families a causal_effects.
S36,background,bg/S36.webp,"Civilná dielňa Ota Bielika, sústruh zastavený a krytý, mechanické hodiny, stolová ručná pumpa na nákrese. Žiadna vojenská konšpirácia.",1920x1080,Pozri location_families a causal_effects.
S37,background,bg/S37.webp,"Kaštieľ a park ako reálna geografická inšpirácia; na lavičke mladá technická kreslička Vera, listy a vodná miska pre vtáky. Nevstupovať do nevymyslených skutočných interiérov.",1920x1080,Pozri location_families a causal_effects.
S38,background,bg/S38.webp,"Vymyslená búdka pri zavlažovacom modeli na okraji obce; ručná demonštračná pumpa, vedro, uzamknuté dvere meracej miestnosti.",1920x1080,Pozri location_families a causal_effects.
S39,background,bg/S39.webp,"Mladá Mira pri stolovom mechanickom rezonátore, kalibračná mosadzná platňa so štyrmi významami, lampy, tabule s vymyslenými symbolmi.",1920x1080,Pozri location_families a causal_effects.
S40,background,bg/S40.webp,"Bezpečná pochôdzna povala nad dielňou, kovová archívna schránka, voskovaný papier a zabudnutý scenár. Bez akrobatického lezenia.",1920x1080,Pozri location_families a causal_effects.
S41,background,bg/S41.webp,"Reálna lokalita Biela Púť v Jasnej. Dolná stanica kabínkovej lanovky Biela Púť–Priehyba, informačné tabule, turniket a nástupná plocha. Časový uzol je fiktívny výstavný stojan 2035, nie skutočná súčasť prevádzky. Očko čaká na chodníku.",1920x1080,Pozri location_families a causal_effects.
S42,background,bg/S42.webp,"Exteriér skutočného hotela Grand Jasná výtvarne založený na jeho rozpoznateľnej hmote; fiktívny rok 2035. Nina pri dočasnom informačnom stojane výstavy Pamäť obyčajných dní. Atlas je samostatný fiktívny organizátor, nie prevádzkovateľ hotela.",1920x1080,Pozri location_families a causal_effects.
S43,background,bg/S43.webp,"Výtvarná predstava lobby existujúceho hotela v roku 2035. Tamara má dočasný opravársky stôl Druhý život ako sprievodný program výstavy. V pozadí normálna recepcia a batožina, v popredí nízky stolík s náradím. Nezamieňať Tamara za hotelovú recepčnú.",1920x1080,Pozri location_families a causal_effects.
S44,background,bg/S44.webp,"Prenajatý hotelový salón s papierovým fondom a verejným katalógom dočasnej výstavy; Boris pri stole. Zasadacia miestnosť má okná a hotelové stoličky, nie nekonečný podzemný archív.",1920x1080,Pozri location_families a causal_effects.
S45,background,bg/S45.webp,"Reálne Vrbické pleso a verejný chodník ako geografický základ. Bez vstupu do vody. Fiktívny pasívny senzor Atlasu je prenosný stojan na chodníku, nie zásah do chráneného brehu. Lavička so psom patrila putovnej dielni Tamary.",1920x1080,Pozri location_families a causal_effects.
S46,background,bg/S46.webp,Reálny typ a názov klientského centra. Sára je vymyslená kontaktná osoba hosťujúcej výstavy; vedľa bežných informácií má malý servisný pult. Vydá schválený návštevnícky preukaz aj riadny spiatočný lístok na lanovky.,1920x1080,Pozri location_families a causal_effects.
S47,background,bg/S47.webp,"Reálna dominanta Rotundy pri vrcholových staniciach, použiteľný verejný vnútorný vyhliadkový priestor s dočasnou výstavou Atlasu. Vidno Chopok a smerové značenie. Galerijné panely sú fiktívna inštalácia 2035.",1920x1080,Pozri location_families a causal_effects.
S48,background,bg/S48.webp,"Výslovne vymyslený dočasný pavilón Atlasu pri existujúcom vrcholovom areáli, nie skutočný stroj lanovky ani tajný hotelový priestor. Pracovná stanica a izolovaný archívny hardware.",1920x1080,Pozri location_families a causal_effects.
S49,background,bg/S49.webp,"Fiktívny vnútorný priestor toho istého výstavného pavilónu. Štyri porty a Viktor pri stole. Oknom je vidno siluetu Rotundy, aby bolo jasné, kde sme.",1920x1080,Pozri location_families a causal_effects.
S50,background,bg/S50.webp,Vyhliadkové prostredie skutočnej Rotundy ako inšpirácia; presná dispozícia terasy je výtvarná interpretácia 2035. Samostatná označená nízkonapäťová skrinka Atlasu vedľa pavilónu. Nikdy nie ovládanie lanovky.,1920x1080,Pozri location_families a causal_effects.
S51,background,bg/S51.webp,"Presne rovnaká kamera a základná geometria ako S11 a S57. Modernejší prístrešok, nová dlažba, autá a rúška. Starý časový symbol je schovaný v kovovom rámiku rekonštruovaných hodín.",1920x1080,Pozri location_families a causal_effects.
S52,background,bg/S52.webp,"Rovnaká kamera ako S12 a S58. Novšie okná a fasáda sú herná výtvarná predstava, nie doložený stav rekonštrukcie. Brána pre bežný vstup zatvorená, oznam o dištančnom režime, malé servisné výdajné miesto.",1920x1080,Pozri location_families a causal_effects.
S53,background,bg/S53.webp,"Zhodná kamera so S13 a S59. Vstupný servisný vestibul oddelený plexisklom od neprístupných tried. Dezinfekcia, krabice na návrat pomôcok, aktuálne povolenie na vyzdvihnutie majetku.",1920x1080,Pozri location_families a causal_effects.
S54,background,bg/S54.webp,"Tá istá kamera ako S15 a S63, zhodná skriňa a okenný otvor. Vopred schválený samostatný servisný vstup; triedy neprístupné. Staré pomôcky sa triedia na zapožičanie, časť lavice pokrývajú notebooky. Jana 20 poskytuje tému cez otvorený lokálny servisný videohovor, fyzicky je mimo miestnosti.",1920x1080,Pozri location_families a causal_effects.
S55,background,bg/S55.webp,"Zhodná kamera so S17 a S61. V základnej verzii chýba lipa aj nízky múrik, pri hrane je asfalt. Po E10 tu stojí veľká lipa, zachovaný servisný múrik a odstupové značky výdajného miesta. Žiadny hráč počas premeny nestojí pod menenou geometriou.",1920x1080,Pozri location_families a causal_effects.
S56,background,bg/S56.webp,"Presne rovnaké vonkajšie okno ako S64. Dnes za zatvoreným sklom pracuje 50-ročný Tóno, stále zamestnaný školník. Mierne sivé spánky, pracovný sveter, lastovička z detského modelu je teraz kovová ozdoba. Hovorí cez telefón; servisný vstup zostáva oddelený.",1920x1080,Pozri location_families a causal_effects.
S57,background,bg/S57.webp,"Rovnaký záber ako S11/S51. Starší prístrešok, papierový cestovný poriadok, úhľadné ideologické heslo na vedľajšej tabuli, dobové oblečenie a autá. Červeno-krémová električka bez neistého čísla linky. Začiatok decembra: holé konáre, miestami tenký sneh, kabáty vonku; počasie je príbehová fikcia.",1920x1080,Pozri location_families a causal_effects.
S58,background,bg/S58.webp,"Tá istá kamera ako S12/S52. Mladšia budova, pôvodné typové okná, dobový štátny znak ČSSR ako historická kulisa a nástenka o brigáde. Mená a konkrétne akcie sú vymyslené. Začiatok decembra: holé konáre, miestami tenký sneh, kabáty vonku; počasie je príbehová fikcia.",1920x1080,Pozri location_families a causal_effects.
S59,background,bg/S59.webp,"Rovnaký základ ako S13/S53: terazzo, dvere a okno. Nástenná výzdoba socialistickej školy, oznam o pionierskej schôdzke, Tónov stolík zatiaľ prázdny. Všetky ideologické nápisy sú jasne dobová kulisa. Začiatok decembra: holé konáre, miestami tenký sneh, kabáty vonku; počasie je príbehová fikcia.",1920x1080,Pozri location_families a causal_effects.
S60,background,bg/S60.webp,"Rovnaké okno a tabuľa ako S14, iné lavice a výzdoba. Školská výstavka po vyučovaní, učiteľ Dobrovič, dvanásťročná Jana so schémou malého rádia. Pionierska šatka patrí do dobovej situácie, nie posmešnej karikatúry. Začiatok decembra: holé konáre, miestami tenký sneh, kabáty vonku; počasie je príbehová fikcia.",1920x1080,Pozri location_families a causal_effects.
S61,background,bg/S61.webp,"Rovnaká kamera ako S17/S55. Mladá lipa, čerstvý nízky tehlový múrik s malou servisnou dutinou, lavička a červené vodovodné koleno. Nákladný ručný vozík má stopu nebezpečne blízko sadenice. Začiatok decembra: holé konáre, miestami tenký sneh, kabáty vonku; počasie je príbehová fikcia.",1920x1080,Pozri location_families a causal_effects.
S62,background,bg/S62.webp,"Rovnaký roh dvora ako kiosk S18, v 1982 väčšie okienko zmiešaného tovaru a skromnejší sortiment. Drevená prepravka s prázdnymi zavarovacími pohármi, predavačka Ružena. Začiatok decembra: holé konáre, miestami tenký sneh, kabáty vonku; počasie je príbehová fikcia.",1920x1080,Pozri location_families a causal_effects.
S63,background,bg/S63.webp,"Zhodná kamera ako S15/S54. Tá istá skriňa, novší glóbus s dobovou mapou, prázdny pracovný stôl pre školnícky servis. Keramický návratový mostík sa tu pripravuje z obyčajných súčiastok. Začiatok decembra: holé konáre, miestami tenký sneh, kabáty vonku; počasie je príbehová fikcia.",1920x1080,Pozri location_families a causal_effects.
S64,background,bg/S64.webp,"Rovnaká kamera ako S56: ostenie, servisné okno, rímsa. Vnútri za otvoreným oknom pracuje 66-ročný Oto, vonku na nízkej stoličke je jeho 12-ročný vnuk Tóno s modelom lastovičky a školskou taškou. Tóno nie je školník a nenosí služobné kľúče. Začiatok decembra, stopy snehu a holé konáre.",1920x1080,Pozri location_families a causal_effects.
S65,background,bg/S65.webp,"Fiktívna civilná výdajňa spravovaná miestnou hospodárskou prevádzkou. Kovové regály, inventárna kniha, dobové heslo o spoločnej práci. Vedúca pani Marta vyžaduje riadny výdajný lístok, nie politický test. Začiatok decembra: holé konáre, miestami tenký sneh, kabáty vonku; počasie je príbehová fikcia.",1920x1080,Pozri location_families a causal_effects.
S66,background,bg/S66.webp,"Malý vymyslený sklad pri dvore, laty na ochranné ohrádky, starý plán vedenia chodníka, záhradník Šimon. Vstup cez dvor, žiadna záhada so zámkom. Začiatok decembra: holé konáre, miestami tenký sneh, kabáty vonku; počasie je príbehová fikcia.",1920x1080,Pozri location_families a causal_effects.
S67,background,bg/S67.webp,"Reálne prestupné miesto: príchod kabínkou Biela Púť–Priehyba, následný nástup na Funitel Priehyba–Chopok. Rozpoznateľná lanovková architektúra, obsluha Ivan, mapka dvoch úsekov. Žiadna zásada, že všetky lanovky sú tá istá kabína.",1920x1080,Pozri location_families a causal_effects.
S68,background,bg/S68.webp,"Skutočná veľkokapacitná kabína typu Funitel ako vizuálny základ. Široké okná, lavica, rám a madlá. Exteriér plynie pomaly; hráč môže prezerať panorámu, mapu a rozprávať sa s turistom. Výstup je až po príjazde; nikdy otváranie dverí za jazdy.",1920x1080,Pozri location_families a causal_effects.
PHONE,inventory_icon,items/PHONE.webp,Adamov telefón. Batéria je nabitá. Mimo 2020 funguje fotoaparát a lokálny zápisník; sieť ani internet nie.,256x256 transparent,none
TOOLS,inventory_icon,items/TOOLS.webp,"Servisná brašna. Skrutkovač, klieštiky a meradlo. Univerzálne náradie sa nevyčerpá.",256x256 transparent,none
ORDER,inventory_icon,items/ORDER.webp,"Mirkin nákupný lístok. Čaj, zemiaky a ovsené vločky. Dana má tašku pripravenú.",256x256 transparent,none
GROCERIES,inventory_icon,items/GROCERIES.webp,Taška s nákupom. Uzatvorená taška pre Miru. Nie je určená na skúšanie kombinácií.,256x256 transparent,none
SHEDKEY,inventory_icon,items/SHEDKEY.webp,Kľúč od dielne. Mosadzný kľúč od samostatnej záhradnej stavby.,256x256 transparent,none
CHRONO,inventory_icon,items/CHRONO.webp,Prenosný chronometer ZVON. Mosadzný prístroj s logom školského krúžku a štyrmi svetlami. Uchováva stabilnú bublinu okolo nositeľa a brašny.,256x256 transparent,none
FUSE_OLD,inventory_icon,items/FUSE_OLD.webp,"Prerušená poistka. Hodnota aj tvar sú čitateľné. Do zbernej priehradky, nie späť do prístroja.",256x256 transparent,none
FUSE,inventory_icon,items/FUSE.webp,Náhradná poistka. Presná náhrada pre izolovaný stolový zdroj podľa starej poistky.,256x256 transparent,none
LETTER,inventory_icon,items/LETTER.webp,Mirino poverenie. Povolenie pracovať s jej technickým fondom v študovni.,256x256 transparent,none
BELT_OLD,inventory_icon,items/BELT_OLD.webp,Rozpadnutý remienok. Zo školského magnetofónu; Pali podľa neho pozná rozmer.,256x256 transparent,none
BELT_NEW,inventory_icon,items/BELT_NEW.webp,Nový remienok. Pali vybral presný rozmer. Nie je z toho prak ani náhradná gumička do vlasov.,256x256 transparent,none
TAPE_RAW,inventory_icon,items/TAPE_RAW.webp,"Kazeta s rušenými stopami. Zvukový atlas ZŠ Sokolíkova 1995. Dve stopy sú proti sebe, obsah stále existuje.",256x256 transparent,none
ADAPTER,inventory_icon,items/ADAPTER.webp,"Krížový adaptér bez konektora. Obvod je hotový, chýba konektor a izolácia vývodu. Juro označil kontakty zhodnými symbolmi.",256x256 transparent,none
CONNECTOR,inventory_icon,items/CONNECTOR.webp,Dvojpólový konektor. Fero ho dal za opravu váhy. Kontakty sa zaklapnú do označených pozícií.,256x256 transparent,none
BRAID,inventory_icon,items/BRAID.webp,Textilná izolačná návlečka. Miladin odrezok izolácie pre nízkonapäťový zvukový kábel.,256x256 transparent,none
LINK_OPEN,inventory_icon,items/LINK_OPEN.webp,"Zapojený neizolovaný adaptér. Konektor sedí, ale odkryté vývody ešte nemajú ochranu.",256x256 transparent,none
STEREOLINK,inventory_icon,items/STEREOLINK.webp,Hotová zvuková prepojka. Krížový adaptér s konektorom aj izoláciou.,256x256 transparent,none
TAPE,inventory_icon,items/TAPE.webp,Pôvodná školská kazeta. Stopy sú správne prečítané a chronometer ich chráni. Lea a desaťročný Adam sú zreteľne počuteľní. Originál sa neprepisoval.,256x256 transparent,none
DIAGRAM,inventory_icon,items/DIAGRAM.webp,Mapa bez priehľadnej vrstvy. Podklad mapy troch dobových meracích bodov. Priesvitná vrstva chýba.,256x256 transparent,none
NEGATIVE,inventory_icon,items/NEGATIVE.webp,Technický fotografický negatív. Negatív fotozáznamu meracej zostavy s evidenčným číslom prílohy.,256x256 transparent,none
CALPHOTO,inventory_icon,items/CALPHOTO.webp,"Fotografia kalibračného stojana. Na stole je príloha K-17; jej priehľadnú vrstvu má antikvariát. Fotografia je dokument, nie hádanka na zoom.",256x256 transparent,none
OVERLAY,inventory_icon,items/OVERLAY.webp,"Priehľadná mapa K-17. Tri registračné body: dierka, dvojitý kríž a štvorec.",256x256 transparent,none
NODEMAP,inventory_icon,items/NODEMAP.webp,Úplná mapa uzlov. Zostava odkazuje na Deziderovu garáž a nábrežný merací bod. Chýbajúci rok sa zistí až kalibráciou.,256x256 transparent,none
COIL,inventory_icon,items/COIL.webp,Deziderova meracia cievka. Izolovaná slučka určená do kruhového držiaka na nábreží.,256x256 transparent,none
METRONOME,inventory_icon,items/METRONOME.webp,Emilov metronóm. Požičaný mechanický zdroj pravidelného rytmu. Po skončení merania ho Dezider vráti Emilovi mimo obrazu.,256x256 transparent,none
SUPPLYSLIP,inventory_icon,items/SUPPLYSLIP.webp,Otov výdajný lístok. Dve kožené manžety? Nie. Jedna predrezaná manžeta a malá súprava nitov.,256x256 transparent,none
LEATHER,inventory_icon,items/LEATHER.webp,Predrezaná kožená manžeta. Rozmer je pripravený; vyznačené otvory treba preraziť.,256x256 transparent,none
RIVETS,inventory_icon,items/RIVETS.webp,Dva duté nity. Bezpečné ručné zaklapávacie nity pre túto malú manžetu.,256x256 transparent,none
PUNCH,inventory_icon,items/PUNCH.webp,Lídin ručný dierovač. Dierovač a kliešte v jednom. Oto ho po práci vráti Líde.,256x256 transparent,none
CUFF_OPEN,inventory_icon,items/CUFF_OPEN.webp,"Dierovaná manžeta. Má presné otvory, ostáva uzavrieť obvod nitmi.",256x256 transparent,none
CUFF,inventory_icon,items/CUFF.webp,Hotová manžeta. Tesnenie pre studenú ručnú pumpu.,256x256 transparent,none
PUMPKEY,inventory_icon,items/PUMPKEY.webp,Kľúč od meracej miestnosti. Oto povoľuje vstup po oprave demonštračného modelu.,256x256 transparent,none
REGFORM,inventory_icon,items/REGFORM.webp,Technický registračný list. Mira podpísala formulár s dnešným dátumom a súpisom merania. Treba čitateľný druhopis a nové vlastnoručné potvrdenie oboch vyhotovení.,256x256 transparent,none
STYLUS,inventory_icon,items/STYLUS.webp,Verino tupé rydlo. Tupý nástroj na zvýraznenie reliéfneho odtlačku.,256x256 transparent,none
WAXPAPER,inventory_icon,items/WAXPAPER.webp,"Voskovaný hárok. Mäkký hárok na mechanický odtlačok, žiadna fotografia z budúcnosti.",256x256 transparent,none
PRESSED,inventory_icon,items/PRESSED.webp,Nezvýraznený odtlačok. Reliéf je zachytený. Tupé rydlo zvýrazní hrany symbolov.,256x256 transparent,none
ORIGIN_RAW,inventory_icon,items/ORIGIN_RAW.webp,Čitateľný odtlačok. Štyri významy a podpisy Miry a Ota. Poštová registrácia ešte nie je pripojená.,256x256 transparent,none
CARBON,inventory_icon,items/CARBON.webp,Uhlový papier. Pracovná pomôcka z pošty. Po použití zostane v poštovom odpade.,256x256 transparent,none
REGDOUBLE,inventory_icon,items/REGDOUBLE.webp,Dve vyhotovenia listu. Oba listy majú rovnaký obsah a podpis Miry.,256x256 transparent,none
REGISTERED,inventory_icon,items/REGISTERED.webp,Potvrdený registračný list. Dátum a existencia dokumentu sú potvrdené. Nejde o pečiatku potvrdzujúcu pravdivosť fyzikálnej teórie.,256x256 transparent,none
ORIGIN,inventory_icon,items/ORIGIN.webp,Overený odtlačok z roku 1960. Stabilizovaný odtlačok s poznámkou o registrácii. Pôvodná platňa aj registrovaná kópia ostali v 1960; v brašni je cestovná pracovná kópia.,256x256 transparent,none
HANDOVER,inventory_icon,items/HANDOVER.webp,"Protokol o odovzdaní. Ela pripravila mená vydávajúcej a preberajúceho, číslo krabice Z-17 a súhlas majiteľky. Chýbajú podpisy.",256x256 transparent,none
HANDOVER_R,inventory_icon,items/HANDOVER_R.webp,Protokol s Romanovým podpisom. Roman potvrdil prevzatie a uloženie do samostatnej dielne.,256x256 transparent,none
CHAIN,inventory_icon,items/CHAIN.webp,Potvrdené odovzdanie 2020. Mirkina krabica Z-17: dobrovoľnícke miesto → Roman → dielňa. Mira súhlas potvrdila cez evidovaný hovor; netreba vstup do karantény.,256x256 transparent,none
READER,inventory_icon,items/READER.webp,Lokálna zvuková čítačka. Číta analógový vstup aj servisné pamäte. Nepotrebuje cloud ani sieť.,256x256 transparent,none
CATALOG,inventory_icon,items/CATALOG.webp,"Katalógová karta fondu Z-17. Verejný záznam spája 1960, 1995 a 2020. Katalogizačný záznam nie je prístup k súkromným správam.",256x256 transparent,none
PASS,inventory_icon,items/PASS.webp,Servisný návštevnícky preukaz. Nina schválila diagnostiku fondu. Sára eviduje aj papierovú kópiu mena.,256x256 transparent,none
FILTER_PHOTO,inventory_icon,items/FILTER_PHOTO.webp,Záznam panelu normalizácie. Telefónna snímka s označením chyby: ROZDIEL = ZAHODIŤ. V zápisníku je aj textový prepis.,256x256 transparent,none
LEA_MESSAGE,inventory_icon,items/LEA_MESSAGE.webp,Leina nezmenená hlasová správa. Záznam z 2032 zostal v izolovanom servisnom buffri. Prístup povolila poverená kurátorka pri záchrane fondu; prehráva sa Viktorovi v súkromí.,256x256 transparent,none
DIAGNOSTIC,inventory_icon,items/DIAGNOSTIC.webp,"Diagnostický protokol. Vymazané údaje sú do potvrdenia zápisu zadržiavané v buffri. Obnova je možná, ak sa výstup prepne do režimu MONITOR.",256x256 transparent,none
PULSE,inventory_icon,items/PULSE.webp,Miestna referenčná stopa. Pasívna referenčná stopa okolia Vrbického plesa uložená v chronometri. Miestna stabilita bez akéhokoľvek zásahu do vody.,256x256 transparent,none
PATCH,inventory_icon,items/PATCH.webp,Podpísaný obnovovací postup. Nina schválila servisný balík ZACHOVAŤ VÝNIMKY. Obnovuje zadržané pôvodné údaje a vypína retroaktívny zápis.,256x256 transparent,none
BALL,inventory_icon,items/BALL.webp,Bodkova loptička. Obhryzená červená loptička zo suchého brehu.,256x256 transparent,none
FLYER,inventory_icon,items/FLYER.webp,"Veľký čitateľný oznam. SUSEDSKÁ POMOC 9–17. ZAVOLAJTE ELINE ČÍSLO UVEDENÉ NA VÝVESKE. Telefón je v hre iba fiktívny symbol, nie skutočné číslo.",256x256 transparent,none
TEAMNEG,inventory_icon,items/TEAMNEG.webp,"Obálka s tímovým negatívom. Zabudnutá školská zákazka, ktorú Zita smie vydať na Soninu prosbu.",256x256 transparent,none
TEAMPHOTO,inventory_icon,items/TEAMPHOTO.webp,"Fotografia družstva. Celý tím vrátane chlapca v zadnom rade, ktorý je mladým Adamom. Fotografia je určená do školského albumu.",256x256 transparent,none
SCORE,inventory_icon,items/SCORE.webp,"Noty k Emilovej skladbe. Autorská fiktívna melódia Štyri zastávky. Štyri takty, žiadna známa chránená skladba.",256x256 transparent,none
CHALK,inventory_icon,items/CHALK.webp,Biela školská krieda. Tóno povolil jeden kus na schválený komunitný panel.,256x256 transparent,none
SEEDS,inventory_icon,items/SEEDS.webp,Hrsť semien pre Bélu. Štefan dovolil malé množstvo vhodného krmiva pre chovaného holuba.,256x256 transparent,none
PLAY,inventory_icon,items/PLAY.webp,"Rudov scenár. Originál s vlastnými poznámkami; názov Žiaden strach, miláčik je fiktívny.",256x256 transparent,none
DELIVERY_NOTE,inventory_icon,items/DELIVERY_NOTE.webp,Očkova doručovacia požiadavka. Zásielka pre putovnú opravovňu pri lavičke so psom; minuloročný opis dočasného stanoviska pri plese.,256x256 transparent,none
DELIVERY_OK,inventory_icon,items/DELIVERY_OK.webp,Potvrdenie opravovne. Tamara potvrdila oprávnenie príjemkyne a nový bod odovzdania v lobby Grand Jasná.,256x256 transparent,none
PHOTO2020,inventory_icon,items/PHOTO2020.webp,"Chránená fotografia dvora 2020. Chránená panoráma 2020: asfaltový roh dvora bez lipy, vedľa bočné servisné okno s kovovou lastovičkou. Umožňuje overiť Tónovi známe detaily aj porovnať zmenu dvora.",256x256 transparent,none
SCHOOLPASS,inventory_icon,items/SCHOOLPASS.webp,Povolenie prevziať Mirin technický majetok. Vopred dohodnutý samostatný servisný vstup do zádveria a kabinetu. Ostatné triedy neprístupné.,256x256 transparent,none
LOG1982,inventory_icon,items/LOG1982.webp,Kópia servisného záznamu 1982. 7. december 1982. Otov vlastný nákres keramického mostíka s tromi odlíšenými vývodmi. V pôvodnej línii sa kus stratil pri vypratávaní; Tóno 12 bol pri príprave ako vnuk a pomocník.,256x256 transparent,none
PARTSNOTE,inventory_icon,items/PARTSNOTE.webp,Otov školský výdajný lístok. Riadna žiadosť podpísaná dospelým Otom Bielikom na keramickú päticu a prepojky. Tóno ako dieťa nič úradne nepovoľuje.,256x256 transparent,none
CERAMICPARTS,inventory_icon,items/CERAMICPARTS.webp,"Diely návratového mostíka. Keramická pätica a tri označené medené prepojky. Bez elektronickej batérie, vhodné na dlhé uloženie.",256x256 transparent,none
BRIDGE_NEW,inventory_icon,items/BRIDGE_NEW.webp,"Nový keramický mostík. Nízkoprúdová signálová prepojka; bez batérie. Vyrobená podľa Otovho vlastného nákresu, nie podľa informácie bez pôvodu.",256x256 transparent,none
JAR,inventory_icon,items/JAR.webp,"Pohár s viečkom a tesnením. Čistý suchý pohár, tesniaci krúžok, zabalovací papier; Oto pridá vysušenú výplň bez potreby ďalšej hádanky.",256x256 transparent,none
SEALED_NEW,inventory_icon,items/SEALED_NEW.webp,"Zapečatený pohár s mostíkom. Oto skontroloval uzavretie. Schovať do servisnej dutiny, nie zakopať do vlhkej zeme.",256x256 transparent,none
TREEGUARD,inventory_icon,items/TREEGUARD.webp,Ochranná ohrádka pre lipu. Tri hotové diely ohrádky. Šimon súhlasí aj s posunutím trasy ručného vozíka.,256x256 transparent,none
CACHEMAP,inventory_icon,items/CACHEMAP.webp,"Nákres servisnej dutiny. Tónov detský, no presný nákres schválený Otom. Druhý rad zhora, tretí kameň zľava. Malá lastovička namiesto podpisu.",256x256 transparent,none
KEEPERNOTE,inventory_icon,items/KEEPERNOTE.webp,"Tónova poznámka z roku 1995. Po oprave múrika zostala dutina na pôvodnej mriežke 3 × 4: rad 2, stĺpec 3. Pri výmene lavičky nenechal miesto zamurovať.",256x256 transparent,none
SEALED_OLD,inventory_icon,items/SEALED_OLD.webp,Pohár vyzdvihnutý po 38 rokoch. Zvonka prach a staré tesnenie; papier vo vnútri ostal suchý. Predmet sa získava iba raz.,256x256 transparent,none
RETURNBRIDGE,inventory_icon,items/RETURNBRIDGE.webp,"Zachovaný návratový mostík. Keramika ostala celá, kontakty sú očistené. Tóno spozná značku lastovičky z detstva. Je to ten istý fyzický kus, ktorý Adam uložil v 1982.",256x256 transparent,none
LIFT_TICKET,inventory_icon,items/LIFT_TICKET.webp,"Spiatočný lístok na oba úseky. Riadne zabezpečený lístok Biela Púť–Priehyba a Priehyba–Chopok, vrátane návratu. Bez limitu počtu herných návratov v tomto príbehovom dni.",256x256 transparent,none
JANA_DRAWING,inventory_icon,items/JANA_DRAWING.webp,"Janina pôvodná schéma. Schéma s vlastným zlepšením a vysvetlením, prečo neodrezáva slabé časti signálu.",256x256 transparent,none
JANA_APPROVED,inventory_icon,items/JANA_APPROVED.webp,"Schéma s povolením na výstavku. Učiteľ uznal funkčný návrh na základe vysvetlenia, nie politického triku.",256x256 transparent,none
ADAM,character_sheet,actors/ADAM.webp,"Modrá pracovná bunda, horčicové tričko, hnedá brašna, krátke tmavé vlasy; rúško v 2020 vonku pri ľuďoch. Žiadna podoba s postavami Polda.",actor feet baseline; up to512px height,idle/talk/gesture; player additional walk/reach/tool; age is locked
ELA,character_sheet,actors/ELA.webp,"Zelená vesta, rúško, dva rôzne perá, pevná doska.",actor feet baseline; up to512px height,idle/talk/gesture; player additional walk/reach/tool; age is locked
DANA,character_sheet,actors/DANA.webp,"Bordová zástera, rúško, okuliare na hlave.",actor feet baseline; up to512px height,idle/talk/gesture; player additional walk/reach/tool; age is locked
ROMAN,character_sheet,actors/ROMAN.webp,"Tmavá mikina, rúško, dodávka s vymyslenou značkou ŠUP.",actor feet baseline; up to512px height,idle/talk/gesture; player additional walk/reach/tool; age is locked
LENKA,character_sheet,actors/LENKA.webp,"Šedá bunda, rúško, vôdzka, pes s jednou čiernou škvrnou.",actor feet baseline; up to512px height,idle/talk/gesture; player additional walk/reach/tool; age is locked
JOZEF,character_sheet,actors/JOZEF.webp,"Kabát, rúško, skladacia lupa.",actor feet baseline; up to512px height,idle/talk/gesture; player additional walk/reach/tool; age is locked
MIRA20,character_sheet,actors/MIRA20.webp,"Biele vlasy, okrúhle okuliare, okrový sveter; iba za zatvoreným oknom.",actor feet baseline; up to512px height,idle/talk/gesture; player additional walk/reach/tool; age is locked
TONO,character_sheet,actors/TONO.webp,"Dvadsaťpäťročný muž, tmavé vlasy, hnedý pracovný plášť, zväzok kľúčov, vlastnoručná kovová lastovička.",actor feet baseline; up to512px height,idle/talk/gesture; player additional walk/reach/tool; age is locked
MIRA95,character_sheet,actors/MIRA95.webp,"Modrý sveter, okrúhle okuliare, krieda na rukáve.",actor feet baseline; up to512px height,idle/talk/gesture; player additional walk/reach/tool; age is locked
LEA95,character_sheet,actors/LEA95.webp,"Tmavozelené šaty, krátke kučeravé vlasy.",actor feet baseline; up to512px height,idle/talk/gesture; player additional walk/reach/tool; age is locked
SONA,character_sheet,actors/SONA.webp,"Pruhované tričko, vrkoč, zošit s lepenými rožkami.",actor feet baseline; up to512px height,idle/talk/gesture; player additional walk/reach/tool; age is locked
ZITA,character_sheet,actors/ZITA.webp,"Fialový sveter, novinová zástera, ceruzka za uchom.",actor feet baseline; up to512px height,idle/talk/gesture; player additional walk/reach/tool; age is locked
EMIL,character_sheet,actors/EMIL.webp,"Kabát, sivé fúzy, harmonika.",actor feet baseline; up to512px height,idle/talk/gesture; player additional walk/reach/tool; age is locked
PALI,character_sheet,actors/PALI.webp,"Sivý plášť, farebná súčiastka v každom vrecku.",actor feet baseline; up to512px height,idle/talk/gesture; player additional walk/reach/tool; age is locked
VIERA,character_sheet,actors/VIERA.webp,"Tmavé šaty, retiazka na okuliare, rukávy od prachu.",actor feet baseline; up to512px height,idle/talk/gesture; player additional walk/reach/tool; age is locked
ARCHIVAR,character_sheet,actors/ARCHIVAR.webp,"Vesta, biela košeľa, modré chrániče rukávov.",actor feet baseline; up to512px height,idle/talk/gesture; player additional walk/reach/tool; age is locked
FOTO,character_sheet,actors/FOTO.webp,"Tmavomodrá zástera, vlasy zopnuté štipcom.",actor feet baseline; up to512px height,idle/talk/gesture; player additional walk/reach/tool; age is locked
TRH,character_sheet,actors/TRH.webp,"Pásikavá košeľa, veľké hodinky, malý stolík.",actor feet baseline; up to512px height,idle/talk/gesture; player additional walk/reach/tool; age is locked
MILADA,character_sheet,actors/MILADA.webp,"Svetlá blúzka, meter okolo krku.",actor feet baseline; up to512px height,idle/talk/gesture; player additional walk/reach/tool; age is locked
JURO,character_sheet,actors/JURO.webp,"Čierne tričko s autorským fiktívnym logom kapely, slúchadlá.",actor feet baseline; up to512px height,idle/talk/gesture; player additional walk/reach/tool; age is locked
JURAJ,character_sheet,actors/JURAJ.webp,"Džínsová bunda, skicár, farba na palci.",actor feet baseline; up to512px height,idle/talk/gesture; player additional walk/reach/tool; age is locked
DEZI,character_sheet,actors/DEZI.webp,"Béžová košeľa, okuliare, ceruzka.",actor feet baseline; up to512px height,idle/talk/gesture; player additional walk/reach/tool; age is locked
BOZO,character_sheet,actors/BOZO.webp,Tmavomodrá uniforma bez detailného historického hodnostného označenia.,actor feet baseline; up to512px height,idle/talk/gesture; player additional walk/reach/tool; age is locked
BERTA,character_sheet,actors/BERTA.webp,"Zástera, šatka, košík.",actor feet baseline; up to512px height,idle/talk/gesture; player additional walk/reach/tool; age is locked
POSTA,character_sheet,actors/POSTA.webp,"Košeľa, rukávy, atramentový prst.",actor feet baseline; up to512px height,idle/talk/gesture; player additional walk/reach/tool; age is locked
LIDA,character_sheet,actors/LIDA.webp,"Tmavá sukňa, sveter, náprstok na šnúrke.",actor feet baseline; up to512px height,idle/talk/gesture; player additional walk/reach/tool; age is locked
RUDO,character_sheet,actors/RUDO.webp,Priveľký sako-kostým a klobúk.,actor feet baseline; up to512px height,idle/talk/gesture; player additional walk/reach/tool; age is locked
SKLAD,character_sheet,actors/SKLAD.webp,"Modrá montérková blúza, ruky od prachu.",actor feet baseline; up to512px height,idle/talk/gesture; player additional walk/reach/tool; age is locked
OTO,character_sheet,actors/OTO.webp,"Modrý pracovný plášť, mosadzné okuliare, jazva na palci.",actor feet baseline; up to512px height,idle/talk/gesture; player additional walk/reach/tool; age is locked
VERA60,character_sheet,actors/VERA60.webp,"Červená šatka, kresliaca doska, puzdro na rydlo.",actor feet baseline; up to512px height,idle/talk/gesture; player additional walk/reach/tool; age is locked
MIRA60,character_sheet,actors/MIRA60.webp,"Okrová blúzka, pevná sukňa, okrúhle okuliare, ceruzka.",actor feet baseline; up to512px height,idle/talk/gesture; player additional walk/reach/tool; age is locked
NINA,character_sheet,actors/NINA.webp,"Tmavozelený kabát, servisná identifikačná karta.",actor feet baseline; up to512px height,idle/talk/gesture; player additional walk/reach/tool; age is locked
TAMARA,character_sheet,actors/TAMARA.webp,"Zástera s vreckom na meradlo, tetovanie malej ozubenej bodky.",actor feet baseline; up to512px height,idle/talk/gesture; player additional walk/reach/tool; age is locked
BORIS,character_sheet,actors/BORIS.webp,"Biela brada, modrá košeľa, rukávové záložky.",actor feet baseline; up to512px height,idle/talk/gesture; player additional walk/reach/tool; age is locked
SARA,character_sheet,actors/SARA.webp,"Tmavomodré šaty, tablet, papierová kniha návštev.",actor feet baseline; up to512px height,idle/talk/gesture; player additional walk/reach/tool; age is locked
ROBOT,character_sheet,actors/ROBOT.webp,"Kufríkový tvar, dve kolesá, jednoduché svetelné oči; žiadne zbrane.",actor feet baseline; up to512px height,idle/talk/gesture; player additional walk/reach/tool; age is locked
VIKTOR,character_sheet,actors/VIKTOR.webp,"Tmavé nohavice, biela košeľa s vyhrnutými rukávmi, bez futuristickej uniformy.",actor feet baseline; up to512px height,idle/talk/gesture; player additional walk/reach/tool; age is locked
TONO82,character_sheet,actors/TONO82.webp,"Dvanásťročný chlapec, tmavá ofina, veľký sveter, školská taška, drevený model lastovičky; žiadny školnícky plášť ani zväzok služobných kľúčov.",actor feet baseline; up to512px height,idle/talk/gesture; player additional walk/reach/tool; age is locked
TONO20,character_sheet,actors/TONO20.webp,"Päťdesiatročný muž s mierne prešedivenými spánkami, okuliare, pracovný sveter, kovová lastovička na okne. Opravy vtáčích búdok sú koníček, nie náhrada práce na dôchodku.",actor feet baseline; up to512px height,idle/talk/gesture; player additional walk/reach/tool; age is locked
DOBRO,character_sheet,actors/DOBRO.webp,"Sako, dobové okuliare, pero v náprsnom vrecku.",actor feet baseline; up to512px height,idle/talk/gesture; player additional walk/reach/tool; age is locked
RUZENA,character_sheet,actors/RUZENA.webp,Svetlá zástera a účes v drdole.,actor feet baseline; up to512px height,idle/talk/gesture; player additional walk/reach/tool; age is locked
MARTA82,character_sheet,actors/MARTA82.webp,"Modrý plášť, inventárna doska.",actor feet baseline; up to512px height,idle/talk/gesture; player additional walk/reach/tool; age is locked
SIMON,character_sheet,actors/SIMON.webp,"Zelený kabát, rukavice, metre dreva.",actor feet baseline; up to512px height,idle/talk/gesture; player additional walk/reach/tool; age is locked
JANA82,character_sheet,actors/JANA82.webp,"Pruhovaný sveter, pionierska šatka odložená vedľa výkresu, ceruzka.",actor feet baseline; up to512px height,idle/talk/gesture; player additional walk/reach/tool; age is locked
JANA95,character_sheet,actors/JANA95.webp,"Krátke vlasy, tmavomodrý sveter, šanón; po Q9C pribudne multimeter.",actor feet baseline; up to512px height,idle/talk/gesture; player additional walk/reach/tool; age is locked
JANA20,character_sheet,actors/JANA20.webp,"Videoportrét na notebooku, okuliare, domáce pracovné prostredie.",actor feet baseline; up to512px height,idle/talk/gesture; player additional walk/reach/tool; age is locked
JANA35,character_sheet,actors/JANA35.webp,"Sivomodrý šál, okuliare, malá taška na dokumenty.",actor feet baseline; up to512px height,idle/talk/gesture; player additional walk/reach/tool; age is locked
IVAN,character_sheet,actors/IVAN.webp,Funkčné horské oblečenie s vlastným neutrálnym označením.,actor feet baseline; up to512px height,idle/talk/gesture; player additional walk/reach/tool; age is locked
TURISTA,character_sheet,actors/TURISTA.webp,"Turistická bunda, malý fotoaparát, batoh.",actor feet baseline; up to512px height,idle/talk/gesture; player additional walk/reach/tool; age is locked
OTO82,character_sheet,actors/OTO82.webp,"Šedivé vlasy, modrý pracovný plášť, rovnaké mosadzné okuliare ako mladší Oto.",actor feet baseline; up to512px height,idle/talk/gesture; player additional walk/reach/tool; age is locked
S17_E10,state_overlay,variants/S17_healthy_linden.webp,"Zdravá mladá koruna na pôvodnej osi kmeňa, zachovaný múrik.",1920x1080 transparent aligned to room,visible iff E10 in done
S55_E10,state_overlay,variants/S55_linden_and_wall.webp,"Veľká koruna, servisný múrik a zelený roh nahradia základný asfalt; rovnaký predný priechod.",1920x1080 transparent aligned to room,visible iff E10 in done
S61_E09,state_overlay,variants/S61_tree_guard.webp,Tri ochranné diely okolo mladej lipy.,1920x1080 transparent aligned to room,visible iff E09 in done
S61_E08,state_overlay,variants/S61_closed_niche.webp,"Zavretá servisná doska, uloženie bez druhého zberateľného pohára.",1920x1080 transparent aligned to room,visible iff E08 in done
S15_Q9C,state_overlay,variants/S15_jana_workbench.webp,"Janin dobrovoľný elektronický stolík, nemení main kabinet ani predmety.",1920x1080 transparent aligned to room,visible iff Q9C in done
S54_Q9C,state_overlay,variants/S54_refurbished_laptops.webp,"Pripravené repasované notebooky so štítkami výdaja, bez ďalšej hádanky.",1920x1080 transparent aligned to room,visible iff Q9C in done
S44_Q9C,state_overlay,variants/S44_jana_exhibit.webp,Janina pôvodná schéma a neskoršie fotografie projektu v hotelovej výstave.,1920x1080 transparent aligned to room,visible iff Q9C in done
S06_F17,state_overlay,variants/S06_family_restored.webp,Mira aj meno na fotografii sú úplné.,1920x1080 transparent aligned to room,visible iff F17 in done
S47_F17,state_overlay,variants/S47_originals_restored.webp,Mirkina fotografia a záznamy v galérii sú obnovené.,1920x1080 transparent aligned to room,visible iff F17 in done
