keys,sk,en,note
ui.controls.touch_tap,"Ťuknutie – akcia, chôdza, rozhovor","Tap – action, walk, talk","DRAFT, new ui.csv row: Help / Settings > Controls on phones and tablets (touch mode), replaces ui.controls.left_click there; code fallback in src/game/scripts/UI/Menus/HelpScreen.cs (TouchControls)"
ui.controls.touch_hold,"Podržanie prsta – prezrieť objekt, na voľnom mieste otvoriť inventár","Hold your finger down – look at an object; on an empty spot, open the Inventory","DRAFT, new ui.csv row: touch counterpart of ui.controls.right_click; code fallback in HelpScreen.cs"
ui.controls.touch_hold_selected,Podržanie prsta s vybratým predmetom – zrušiť výber,Hold with an item selected – cancel the selection,"DRAFT, new ui.csv row: touch counterpart of ui.controls.right_click_selected; code fallback in HelpScreen.cs"
ui.controls.touch_slide,Prst položený na obraze – názov miesta pod ním; po posunutí prsta sa pri zdvihnutí nič nevykoná,A finger resting on the picture – the name of the place under it; lifting after a slide does nothing,"DRAFT, new ui.csv row: touch only (the label at the finger replaces the hover label); code fallback in HelpScreen.cs"
ui.controls.touch_eye,"Tlačidlo Oko alebo dva prsty na obraze – značky na všetkých miestach, na ktoré sa dá ťuknúť",The Eye button or two fingers on the picture – markers on every place you can tap,"DRAFT, new ui.csv row: touch counterpart of ui.controls.space; code fallback in HelpScreen.cs"
ui.controls.touch_double_tap,Dvojité ťuknutie – preskočiť chôdzu (Adam je hneď na mieste),Double tap – skip walking (Adam is there at once),"DRAFT, new ui.csv row: touch counterpart of ui.controls.double_click; code fallback in HelpScreen.cs"
ui.controls.touch_item,"Predmet – ťukni naň v inventári, potom na miesto v scéne; podržaním prsta na predmete si ho prezrieš","Items – tap one in the Inventory, then a place in the scene; hold your finger on an item to look at it","DRAFT, new ui.csv row: touch only; code fallback in HelpScreen.cs"
ui.controls.touch_line,Ťuknutie počas rozhovoru – ďalší titulok,Tap during a conversation – next subtitle,"DRAFT, new ui.csv row: touch counterpart of ui.controls.enter; code fallback in HelpScreen.cs"
ui.controls.touch_back,"Tlačidlo Späť – preskočiť titulok, zavrieť panel alebo pozastaviť hru","Back button – skip a subtitle, close a panel or pause the game","DRAFT, new ui.csv row: touch counterpart of ui.controls.escape (the Android system Back button or gesture); code fallback in HelpScreen.cs"
ui.inventory.look_hint_touch,Podržaním prsta predmet prezrieš.,Hold your finger on the item to look at it.,"DRAFT, new ui.csv row: touch counterpart of ui.inventory.look_hint in the inventory detail card; code fallback in src/game/scripts/UI/Inventory/InventoryPanel.cs"
ui.inventory.combine_hint_touch,"Ťukni na druhý predmet a spoja sa, alebo inventár zavri a ťukni ním na niečo v scéne.","Tap a second item to combine them, or close the Inventory and tap it on something in the scene.","DRAFT, new ui.csv row: touch counterpart of ui.inventory.combine_hint (shown when the inventory is opened with an item in hand); code fallback in InventoryPanel.cs"
