keys,sk,note
"action.G02.objective.std","Vyzdvihni babkin nákup.","goal, not route"
"action.G02.journal.std","Vyzdvihni babkin nákup.","goal"
"action.G03.objective.std","Dones nákup babke tak, ako to v karanténe chce ona.","goal"
"action.G03.journal.std","Dones nákup babke tak, ako to v karanténe chce ona.","goal"
"action.G04.objective.std","Porozprávaj sa s babkou.","goal"
"action.G04.journal.std","Porozprávaj sa s babkou.","goal"
"action.G05.objective.std","Pozri sa na prístroj v babkinej záhradnej dielni.","goal; the key's place stays in Mira's line"
"action.G05.journal.std","Pozri sa na prístroj v babkinej záhradnej dielni.","goal"
"action.G06.objective.std","Zisti, čo sa v dielni ozýva.","goal"
"action.G06.journal.std","Zisti, čo sa v dielni ozýva.","goal"
"action.G07.objective.std","Zisti, prečo prístroj nefunguje.","goal"
"action.G07.journal.std","Zisti, prečo prístroj nefunguje.","goal"
"action.G08.objective.std","Zožeň náhradnú poistku rovnakej hodnoty.","goal; Adam's own line says he has one at home"
"action.G08.journal.std","Zožeň náhradnú poistku rovnakej hodnoty.","goal"
"action.G09.objective.std","Vymeň v prístroji poistku.","goal"
"action.G09.journal.std","Vymeň v prístroji poistku.","goal"
"action.G10.objective.std","Pripoj tri referenčné tvary, ktoré prístroj žiada.","goal; the diagram is in the S10 look"
"action.G10.journal.std","Pripoj tri referenčné tvary, ktoré prístroj žiada.","goal"
"action.G11.objective.std","Nájdi v roku 1995 niekoho, kto ZVON pozná. Nálepka na puzdre hovorí „Sokolíkova 1995“.","goal + the clue Adam has seen"
"action.G11.journal.std","Nájdi v roku 1995 niekoho, kto ZVON pozná. Nálepka na puzdre hovorí „Sokolíkova 1995“.","goal"
"action.C01.objective.std","Splň, o čo Mira požiadala: fotku dnešného školského dvora a jej technický majetok zo školy.","goal"
"action.C01.journal.std","Splň, o čo Mira požiadala: fotku dnešného školského dvora a jej technický majetok zo školy.","goal"
"action.D01.objective.std","Vyzdvihni Mirin technický majetok zo školy.","goal"
"action.D01.journal.std","Vyzdvihni Mirin technický majetok zo školy.","goal"
"action.D02.objective.std","Zisti, čo po Otovom mostíku zostalo.","goal"
"action.D02.journal.std","Zisti, čo po Otovom mostíku zostalo.","goal"
"action.D03.003.std","Chronometer na ten dátum reaguje. Potrebujem miesto, ktoré si ten rok pamätá.","line: no answer; the S51 clock look carries it"
"action.D03.objective.std","Otvor časové okno do roku 1982.","goal"
"action.D03.journal.std","Otvor časové okno do roku 1982.","goal"
"action.D04.objective.std","V roku 1982 nájdi Ota a dvanásťročného Tóna.","goal"
"action.D04.journal.std","V roku 1982 nájdi Ota a dvanásťročného Tóna.","goal"
"action.D05.objective.std","Dostaň mostík z pohára a ukáž ho Tónovi.","goal"
"action.D05.journal.std","Dostaň mostík z pohára a ukáž ho Tónovi.","goal"
"action.D07.objective.std","Dotiahni papiere k presunu Mirinej krabice.","goal (Mira said: with Ela)"
"action.D07.journal.std","Dotiahni papiere k presunu Mirinej krabice.","goal"
"action.C02.objective.std","Získaj podpis toho, kto krabicu prevzal.","goal"
"action.C02.journal.std","Získaj podpis toho, kto krabicu prevzal.","goal"
"action.C03.objective.std","Protokolu ešte chýba druhý podpis.","goal"
"action.C03.journal.std","Protokolu ešte chýba druhý podpis.","goal"
"action.C04.objective.std","Zisti, čo na potvrdené odovzdanie povie babkin prístroj.","goal"
"action.C04.journal.std","Zisti, čo na potvrdené odovzdanie povie babkin prístroj.","goal"
"action.C05.objective.std","Vyber sa za fondom Z-17 do roku 2035.","goal"
"action.C05.journal.std","Vyber sa za fondom Z-17 do roku 2035.","goal"
"action.Q2A.002.std","Vyriešim to. Na papieri a veľkými písmenami. Niekto tu predsa tie oznamy píše.","line: no Ela; the S03 supplies look carries the clue"
"action.Q2A.journal.std","Pán Jozef potrebuje hodiny výdaja veľkým písmom. Oznamy susedskej pomoci niekto pripravuje.","journal"
"look.S03.supplies.std","Ku každej taške má Ela meno aj súhlas adresáta. Pod zoznamom leží stoh oznamov susedskej pomoci v troch veľkostiach.","clue for Q2 (who prints the notices)"
"action.B01.objective.std","Ohlás sa v škole tak, ako žiada oznam.","goal"
"action.B01.journal.std","Ohlás sa v škole tak, ako žiada oznam.","goal"
"action.B02.k02.std","Remienky ešte majú v opravovniach, kde sa nič nevyhadzuje. Električka vás k jednej dovezie skôr, ako zjete desiatu.","line: no Pali or Karlova Ves"
"action.B02.objective.std","Nájdi krúžok, ktorý hľadá opravára.","goal"
"action.B02.journal.std","Nájdi krúžok, ktorý hľadá opravára.","goal"
"action.B04.002.std","Úplne sa rozpadol. Taký remienok nezoženiem v papiernictve, ale v opravovni, kde nič nevyhadzujú.","line"
"action.B04.objective.std","Zožeň nový remienok rovnakého rozmeru.","goal"
"action.B04.journal.std","Zožeň nový remienok rovnakého rozmeru.","goal"
"action.B05.k03.std","Za tými, čo počúvajú šum ako hudbu. Schádzajú sa v suteréne v Ružinove a jeden z nich s páskami čaruje.","line: no name; the exit label shows the club"
"action.B05.objective.std","Vráť do magnetofónu nový remienok.","goal"
"action.B05.journal.std","Vráť do magnetofónu nový remienok.","goal"
"action.B06.k01.std","Pali spomínal niekoho, kto s páskami čaruje. Ten by to mohol vedieť.","line: no name or place"
"action.B06.objective.std","Nájdi niekoho, kto vie zachrániť hlasy na páske.","goal"
"action.B06.journal.std","Nájdi niekoho, kto vie zachrániť hlasy na páske.","goal"
"action.B07.x01.std","Ahoj. Vraj tu niekto s páskami čaruje. Potrebujem, aby si si vypočul túto kazetu.","line: on Standard Adam does not know the name; Juro introduces himself in x02"
"action.B07.003.std","Tu máš krížový adaptér. Chýba mu dvojpólový konektor a izolácia. Konektor zoženieš na trhu, kde majú súčiastky aj historky, a izoláciu u krajčírky, čo šije kabáty aj káblom.","line: no names"
"action.B07.x03.std","A budú vedieť, o čo ide?","line"
"action.B07.x04.std","Na trhu mi predali prvý walkman a krajčírka vedľa mi obšila kábel od slúchadiel. Povedz, že ťa posielam ja.","line: no names"
"action.B07.objective.std","Zožeň pre adaptér konektor a izoláciu.","goal"
"action.B07.journal.std","Zožeň pre adaptér konektor a izoláciu.","goal"
"action.B08.objective.std","Adaptér ešte potrebuje izoláciu.","goal"
"action.B08.journal.std","Adaptér ešte potrebuje izoláciu.","goal"
"action.B09.objective.std","Zostav hotovú zvukovú prepojku.","goal"
"action.B09.journal.std","Zostav hotovú zvukovú prepojku.","goal"
"action.B11.objective.std","Vyskúšaj prepojku tam, kde sa kazeta dá prehrať.","goal"
"action.B11.journal.std","Vyskúšaj prepojku tam, kde sa kazeta dá prehrať.","goal"
"action.B13.003.std","Priehľadnú fóliu od nej kedysi oddelili. Jej číslo je na negatíve, len ho treba uvidieť v pozitíve.","line"
"action.B13.k01.std","Negatív vám musí niekto vyvolať. Na námestí to ešte vedia, len treba hľadať svetlo.","line: pun on the Svetlo studio, no name"
"action.B13.objective.std","Zisti z negatívu číslo chýbajúcej fólie.","goal"
"action.B13.journal.std","Zisti z negatívu číslo chýbajúcej fólie.","goal"
"action.B14.003.std","Tu je pozitív. Na stole je číslo K-17. Mapové prílohy sa zvyknú túlať po antikvariátoch. Negatív vrátim archívu.","line: no Viera"
"action.B14.objective.std","Nájdi priehľadnú fóliu s číslom K-17.","goal"
"action.B14.journal.std","Nájdi priehľadnú fóliu s číslom K-17.","goal"
"action.B15.objective.std","Zlož mapu meracích uzlov celú.","goal"
"action.B15.journal.std","Zlož mapu meracích uzlov celú.","goal"
"action.B16.objective.std","Zisti, čo znamenajú miesta na mape.","goal; the map itself names the garage"
"action.B16.journal.std","Zisti, čo znamenajú miesta na mape.","goal"
"action.B17.003.std","Lepší bude metronóm. Ten nosí každý poriadny muzikant, aj ten, čo hrá električkám. A tri číslice Mira nenapísala, nakreslila ich deťom na múr.","line: the owner's example (no Emil, no Pri LEALe)"
"action.B17.004.std","Múr s obrázkami. V Dúbravke ich je viac, ako by človek chcel. Pri jednom som ako žiak hľadal loptu až do tmy.","line: echoes entry.S69 as the clue"
"action.B17.objective.std","Zožeň mechanický rytmus a nájdi tri číslice, ktoré Mira nakreslila na múr.","goal"
"action.B17.journal.std","Zožeň mechanický rytmus a nájdi tri číslice, ktoré Mira nakreslila na múr.","goal"
"look.S19.EMIL.std","Emil drží tempo, aj keď mesto okolo neho nie. Na puzdre mu pritom tiká metronóm.","clue for B18"
"action.B18.objective.std","Priprav meranie na Starom moste.","goal"
"action.B18.journal.std","Priprav meranie na Starom moste.","goal"
"action.B19.objective.std","Číslice 3–2–6 mám zapísané. Ešte treba nájsť, kde sa nastavujú.","goal"
"action.B19.journal.std","Číslice 3–2–6 mám zapísané. Ešte treba nájsť, kde sa nastavujú.","goal"
"action.B22.k01.std","Babka vravela, že ZVON robila s Otom Bielikom, mechanikom z Ivanky. Mechanika v dedine nájdem po zvuku.","line"
"action.B22.objective.std","Vyber sa do Ivanky v roku 1962 a nájdi Ota Bielika.","goal"
"action.B22.journal.std","Vyber sa do Ivanky v roku 1962 a nájdi Ota Bielika.","goal"
"action.E10.objective.std","Over si v roku 1995, či si Tóno dohodu pamätá.","goal"
"action.E10.journal.std","Over si v roku 1995, či si Tóno dohodu pamätá.","goal"
"action.Q3A.001.std","Fotka nášho družstva sa stratila niekde medzi ateliérom a kioskom. Pri kiosku sa vraj všetko nájde skôr, ako sa to stratí.","line: no Zita"
"action.Q3A.journal.std","Soňa hľadá fotografiu družstva. Stratila sa niekde medzi ateliérom a kioskom.","journal"
"action.Q3B.001.std","Soňa ťa posiela? Nech sa páči, obálka s negatívom družstva. Na negatív sa však nikto nepozrie, kým ho niekto nevyvolá.","line: no Alena"
"action.Q3B.journal.std","Zita mi dala obálku s negatívom družstva. Treba ho vyvolať.","journal"
"action.Q4A.001.std","Štyri zastávky, moja vlastná skladba. Koniec som mal zapísaný v knihe a tú som predal do antikvariátu. Knihy sa tam vraj nestrácajú, len čakajú.","line: no Viera"
"action.Q4A.journal.std","Emil predal knihu s koncom svojej skladby do antikvariátu.","journal"
"action.Q5A.002.std","Biela krieda po krabiciach… To mi niečo pripomína.","line: Adam does not solve it out loud"
"action.Q5A.003.std","Ale len s dovolením, prosím. Nechcem, aby kvôli mne niekde niečo chýbalo.","line follows .002"
"action.Q5A.journal.std","Jurajovi došla biela krieda na mapu svetiel. Bielu vraj berú školy po krabiciach.","journal"
"action.Q11A.objective.std","Nájdi vrchnák Kubovho zvončeka.","goal; Zuzana's line says where"
"action.Q11A.journal.std","Nájdi vrchnák Kubovho zvončeka.","goal"
"action.Q11B.objective.std","Vráť vrchnák na Kubov zvonček.","goal"
"action.Q11B.journal.std","Vráť vrchnák na Kubov zvonček.","goal"
"action.I01.003.std","Mira je pri prístroji. Najprv však treba opraviť ručnú pumpu. Tu je lístok na kožu a nity, vydajú vám ich na dvore. Dierovač majú tí, čo v sále šijú kostýmy.","line: no Lída or Štefan"
"action.I01.x07.std","A dierovač potom doneste mne. Vrátim ho sám, požičané veci sa tu vracajú cezo mňa.","line: no Lída"
"action.I01.objective.std","Oprav ručnú pumpu: potrebuješ manžetu, nity a dierovač.","goal"
"action.I01.journal.std","Oprav ručnú pumpu: potrebuješ manžetu, nity a dierovač.","goal"
"action.I05.objective.std","Oprav ručnú pumpu.","goal"
"action.I05.journal.std","Oprav ručnú pumpu.","goal"
"action.I06.objective.std","Daj Otovi vedieť, že pumpa ťahá.","goal"
"action.I06.journal.std","Daj Otovi vedieť, že pumpa ťahá.","goal"
"action.I07.objective.std","Dostaň sa do meracej miestnosti.","goal"
"action.I07.journal.std","Dostaň sa do meracej miestnosti.","goal"
"action.I09.005.std","Urob odtlačok platne. Treba na to voskovaný papier a niečo tupé, čo neškriabe. A tu je registračný list: niekto úradný musí potvrdiť dátum, kópiu uložíme.","line: no loft, Vera or post office"
"action.I09.objective.std","Urob čitateľný odtlačok platne a daj úradne potvrdiť registračný list, v dvoch vyhotoveniach.","goal"
"action.I09.journal.std","Urob čitateľný odtlačok platne a daj úradne potvrdiť registračný list, v dvoch vyhotoveniach.","goal"
"action.I16.objective.std","Ulož doklady tam, kde ich Mira chce mať v bezpečí.","goal"
"action.I16.journal.std","Ulož doklady tam, kde ich Mira chce mať v bezpečí.","goal"
"action.I17.objective.std","Vráť sa k Mire do roku 2020.","goal"
"action.I17.journal.std","Vráť sa k Mire do roku 2020.","goal"
"action.E01.objective.std","Presvedč Tóna, odkiaľ prichádzaš.","goal"
"action.E01.journal.std","Presvedč Tóna, odkiaľ prichádzaš.","goal"
"action.E02.k01.std","Lístok odneste do výdajne. Vydajú všetko, čo je na ňom napísané, ani o skrutku viac.","line: no Marta"
"action.E02.objective.std","Vyrob rezervný mostík a s Tónom ho ukry tak, aby vydržal do roku 2020.","goal"
"action.E02.journal.std","Vyrob rezervný mostík a s Tónom ho ukry tak, aby vydržal do roku 2020.","goal"
"action.E08.objective.std","Zariaď, aby mladá lipa prežila.","goal"
"action.E08.journal.std","Zariaď, aby mladá lipa prežila.","goal"
"action.Q6A.001.std","Béla zostal v parku a obyčajné zrno nechce. Jeho zmes vydávajú tam, kde sa v Ivanke všetko vydáva na lístok.","line: no Štefan"
"action.Q6A.journal.std","Alojzov holub Béla zostal v parku. Potrebuje svoju zmes.","journal"
"action.Q7A.journal.std","Rudo požičal scenár Mire ako podložku pod nákresy.","journal: no place"
"action.Q10A.objective.std","Zožeň kúsok kože na pútko.","goal (Zuzana's lines stay as they are)"
"action.Q10A.journal.std","Zožeň kúsok kože na pútko.","goal"
"action.Q10B.objective.std","Oprav Zuzanin zvonček.","goal"
"action.Q10B.journal.std","Oprav Zuzanin zvonček.","goal"
"action.F01.005.std","Viktor Korman, náš zakladateľ. Nevypol ho ani po mojom varovaní. Do pavilónu sa dostanete s čítačkou na kazetu, kartou fondu a servisným preukazom s lístkom.","line: no names"
"action.F01.x05.std","Čítačka, karta, preukaz. Kde to zoženiem?","line"
"action.F01.x06.std","V hoteli sa spýtajte toho, kto opravuje, a toho, kto stráži krabice. A lístky predávajú tam, kde sa predávajú lístky.","line: roles, not names"
"action.F01.objective.std","Zožeň čítačku, kartu fondu Z-17, servisný preukaz a lístok na lanovku.","goal"
"action.F01.journal.std","Zožeň čítačku, kartu fondu Z-17, servisný preukaz a lístok na lanovku.","goal"
"action.F03.x07.std","Ďakujem. S kartou sa už dá pýtať na preukaz.","line: no Sára"
"action.F03.objective.std","Vybav si servisný preukaz a lístok na lanovku.","goal"
"action.F03.journal.std","Vybav si servisný preukaz a lístok na lanovku.","goal"
"action.F04.objective.std","Vyber sa lanovkou k pavilónu.","goal; Sára's line gives the route"
"action.F04.journal.std","Vyber sa lanovkou k pavilónu.","goal"
"action.J02.objective.std","Pokračuj na Chopok.","goal"
"action.J02.journal.std","Pokračuj na Chopok.","goal"
"action.J04.objective.std","Pri Rotunde sa pozri, čo Atlas ukazuje verejne, a potom choď do servisného pavilónu.","goal: no instruction to photograph the panel"
"action.J04.journal.std","Pri Rotunde sa pozri, čo Atlas ukazuje verejne, a potom choď do servisného pavilónu.","goal"
"action.F06.objective.std","Zachyť pri Vrbickom plese miestnu referenčnú stopu.","goal"
"action.F06.journal.std","Zachyť pri Vrbickom plese miestnu referenčnú stopu.","goal"
"action.F07.objective.std","Dones referenčnú stopu do pavilónu.","goal"
"action.F07.journal.std","Dones referenčnú stopu do pavilónu.","goal"
"action.F08.objective.std","Zastav spätný zápis.","goal; Nina's line names the switch"
"action.F08.journal.std","Zastav spätný zápis.","goal"
"action.F09.objective.std","Dostaň sa do chronokomory.","goal"
"action.F09.journal.std","Dostaň sa do chronokomory.","goal"
