key,gpt_category,gpt_problem,gpt_suggestion,text,decision,final_text,reason
action.I01.003,length,"At roughly 134 characters, this exceeds the preferred spoken-line length. Tighten the instructions while retaining every destination and condition.",Mira je pri prístroji. Najprv opravte ručnú pumpu. Tu je lístok na kožu a nity. Lída v sále vám za pomoc požičia dierovač.,"Mira je pri prístroji. Najprv však treba opraviť ručnú pumpu. Tu je lístok na kožu a nity. Dierovač vám požičia Lída v sále, ak jej pomôžete.",reject,"Mira je pri prístroji. Najprv však treba opraviť ručnú pumpu. Tu je lístok na kožu a nity. Dierovač vám požičia Lída v sále, ak jej pomôžete.","Clue line (Mira, pump, slip, Lída, condition) under the 160 hard limit, already an accepted length warning; the suggestion drops 'ak jej pomôžete' nuance and gains little."
action.I01.005,nonsense,“Preto” appears to make Adam's expectation the reason time travel works. Explicitly connect Oto's practical rebuttal to the leather and rivets.,Bez kože a nitov by to nefungovalo.,Preto funguje.,adapt,Práve preto to funguje.,Real ambiguity of bare 'Preto'; 'Práve preto to funguje' keeps Oto's two-word understatement (the leather and rivets ARE why it works) instead of GPT's flat explanation.
action.I09.001,length,The line exceeds the approximate spoken-length target. Compress the repeated verb without losing the mechanism or the return-buffer clue.,"Takže spätný zápis. Ak zahodí pôvodný rozdiel, časom aj jeho pôvodcu. Preto máme návratový zásobník.","Takže spätný zápis. Keď zahodí pôvodný rozdiel, časom zahodí aj toho, kto ho spôsobil. Preto máme návratový zásobník.",reject,"Takže spätný zápis. Keď zahodí pôvodný rozdiel, časom zahodí aj toho, kto ho spôsobil. Preto máme návratový zásobník.","Mechanism clue line (spätný zápis, návratový zásobník), natural spoken Slovak, under 160; 'pôvodcu' would be bookish."
action.I09.005,length,"This instruction-heavy line exceeds the approximate spoken-length target. Trim the wording while retaining every material, location and registration step.","Odtlač platňu. Papier je na povale, tupé rydlo má Vera v parku. Tu je registračný list: pošta potvrdí dátum, kópiu uložíme.","Urob odtlačok platne. Papier je na povale, tupé rydlo má Vera v parku. A tu je registračný list: pošta potvrdí dátum, kópiu uložíme.",reject,"Urob odtlačok platne. Papier je na povale, tupé rydlo má Vera v parku. A tu je registračný list: pošta potvrdí dátum, kópiu uložíme.","Instruction line carrying four clues, under 160 and an accepted length warning; 'Odtlač platňu' is not natural."
action.I10.004,joke,The tool remembering an instruction for Adam is a forced personification. Vera's dry reply should connect its bluntness to protecting the plate.,"Preto je tupé. Keby ste zabudli, aspoň nepoškriabete platňu.",Preto je tupé. Zapamätá si to za vás.,reject,Preto je tupé. Zapamätá si to za vás.,"The joke works in its exchange: Adam says he will remember, Vera answers that the blunt stylus remembers for him (it cannot scratch). GPT's fix brings back an 'aspoň' tag."
action.I10.z07,grammar,"Carbon paper is 'uhľový papier', not 'uhlový papier' (angular paper). The postal counter should be called a 'priehradka'.","Uhľový papier. Leží na pošte pri priehradke, je pre každého.","Uhlový papier. Leží na pošte pri prepážke, pre každého.",adapt,"Uhľový papier. Leží na pošte pri prepážke, pre každého.",Right: carbon paper is 'uhľový papier' in Slovak ('uhlový' is the Czech form / 'angular'); now fixed in every C3 key and the glossary. 'Prepážka' stays: it is the glossary room name 'Pošta s prepážkou' and normal Slovak for a counter.
action.I15.001,length,"The spoken line exceeds the approximately 110-character target. Shorten the procedural narration while retaining the advance signatures, comparison and disposal.",Medzi hárky vložím uhlový papier a prepíšem text. Mira oba podpísala vopred. Porovnám ich. Uhlový papier do koša.,"Vložím uhlový papier medzi hárky a prepíšem text. Mira podpísala oba vopred, ja kontrolujem, či sa zhodujú. Papier potom do koša.",adapt,Medzi hárky vložím uhľový papier a prepíšem text. Mira oba podpísala vopred. Porovnám ich a papier vyhodím.,"Shorter (107 chars) and 'uhľový'; keeps the advance signatures, the comparison and the disposal in Adam's voice."
action.I17.004,grammar,This mixes the constructions “pamätať si niekoho” and “pamätať sa na niekoho”. Use the direct object with “si”.,Budete si ma pamätať?,Budete si na mňa pamätať?,accept,Budete si ma pamätať?,Right: 'pamätať si niekoho'. Serious beat stays plain.
action.E02.009,length,"At 119 characters, this exceeds the preferred spoken-line length. Tighten the wording while retaining the material, manufacture, signed slip and hiding place.",Materiál aj výrobu zariadim. Tu je podpísaný lístok do výdajne. Rezervu môžeme skryť v servisnej dutine v múriku.,Materiál a výrobu beriem na seba. Tu je podpísaný lístok do výdajne. Rezervný kus môžeme schovať do servisnej dutiny v múriku.,reject,Materiál a výrobu beriem na seba. Tu je podpísaný lístok do výdajne. Rezervný kus môžeme schovať do servisnej dutiny v múriku.,"Clue line (material, slip, the servisná dutina v múriku) at 119 characters, well under 160; the suggestion changes protected wording."
action.E03.x03,unnatural,"“Toto je ten prípad” sounds like written exposition rather than Marta speaking across the counter. Keep her matter-of-fact explanation, but tie it directly to the slip.","Keď je lístok v poriadku, ide to rýchlo. A tento je, nech sa páči.","Rýchle je to vtedy, keď je lístok v poriadku. Toto je ten prípad.",accept,"Keď je lístok v poriadku, ide to rýchlo. A tento je, nech sa páči.",Right: 'Toto je ten prípad' is written style; the new line is Marta at the counter.
action.E06.001,unnatural,"“So štítkom lastovičky” makes the label sound as though it belongs to the swallow. Adam would tighten the lid, not the thread itself.","Suchá výplň, mostík so štítkom s lastovičkou, tesnenie a viečko. Viečko dotiahnem dvakrát.","Suchá výplň, mostík so štítkom lastovičky, tesnenie a viečko. Závit dotiahnem dvakrát.",adapt,"Suchá výplň, mostík so štítkom s lastovičkou, tesnenie a viečko. Dotiahnem ho dvakrát.",Right on both points; 'Dotiahnem ho' avoids repeating 'viečko' twice in one line.
action.Q6C.002,joke,The final comparison reads as a closing self-ironic summary. Addressing the departing pigeon makes the same joke an immediate situational reaction.,"Najedol sa, otriasol a letí rovno k pošte. Počkaj, Béla, ty cestu domov poznáš lepšie než ja!","Najedol sa, otriasol a letí rovno k pošte. Cestu domov pozná lepšie ako ja.",reject,"Najedol sa, otriasol a letí rovno k pošte. Cestu domov pozná lepšie ako ja.","Adam's self-irony comes from his own situation (he is the one lost in time), VOICES' running gag; it is an observation of the bird, not a wink on a previous line. GPT's address to a departed bird is forced."
action.Q7A.003,joke,Being grateful 'very dramatically' is an awkward abstract gag. A theatrical bow gives Rudo something concrete to offer and still sets up Adam's request for ordinary thanks.,"Na povale pri meracej miestnosti. Ak ho nájdete, poďakujem vám aj s poklonou!","Na povale pri meracej miestnosti. Ak ho nájdete, budem vám vďačný. Veľmi dramaticky!",accept,"Na povale pri meracej miestnosti. Ak ho nájdete, poďakujem vám aj s poklonou!","Right: a bow is concrete theatre and sets up Adam's 'Stačí, keď poďakujete celkom obyčajne' and Rudo's 'nacvičím to'."
action.Q7B.001,joke,Calling the title a name for Adam's day is a detached summary quip. Letting him try to use it as personal reassurance makes the humour come from his reaction to the script.,"„Žiaden strach, miláčik!“ Toto si dnes musím opakovať, aj keď si pri tom budem hovoriť miláčik.","„Žiaden strach, miláčik!“ Hodilo by sa to ako názov môjho dnešného dňa.",adapt,"„Žiaden strach, miláčik!“ Keby mi to niekto povedal ráno, keď som išiel len vymeniť poistku.","Real problem (a detached summary quip); GPT's version is clumsy. The adapted line uses Adam's running gag (the day that started with a fuse, VOICES)."
action.Q9B.004,nonsense,The inserted instruction about neat handwriting interrupts the reference to permission. Name the permission so Adam does not appear to say Jana was waiting to be told to write neatly.,Na to povolenie presne čakala.,Na to presne čakala.,reject,Na to presne čakala.,"Fixed by the order instead: x03 (the director reads every word) now plays after x04, so 'Na to presne čakala' follows the permission directly. The key keeps its text."
action.Q9B.x04,nonsense,Repeating Adam's vague reference makes the teacher sound as though he too was waiting for his own permission. Specify that he was waiting for an original proposal.,Možno som na takýto návrh čakal aj ja. Len som to nevedel.,Možno som na to čakal aj ja. Len som to nevedel.,accept,Možno som na takýto návrh čakal aj ja. Len som to nevedel.,Right: 'na takýto návrh' says what Dobrovič was waiting for.
action.Q9C.003,nonsense,"After the inserted reference to the cafeteria queue, “druhý” appears to mean a second queue rather than another design. Restore the noun to keep Jana's response clear.",Tak nakreslím aj druhý návrh. Možno raz budem mať celý zošit.,Tak nakreslím aj druhý. Možno raz budem mať celý zošit.,accept,Tak nakreslím aj druhý návrh. Možno raz budem mať celý zošit.,Right: after the cafeteria-queue line 'druhý' read as a second queue.
action.Q10A.004,tone,"A first-grader referring to her schoolteacher in this socialist-era setting would normally say “súdružka učiteľka”, not “pani učiteľka”.","Na konci roka mám zvoniť ja. Súdružka učiteľka povedala, že mám najistejšiu ruku.","Na konci roka mám zvoniť ja. Pani učiteľka povedala, že mám najistejšiu ruku.",adapt,"Na konci roka mám zvoniť ja. Naša učiteľka povedala, že mám najistejšiu ruku.","Era point is fair, but ZUZANA.md (owner-approved design) rules out 'súdruh/súdružka' for her; 'Naša učiteľka' is true to a 1962 child and avoids both 'pani' and 'súdružka'."
look.S34.ambient 2,joke,"The hat 'playing itself' is a tacked-on verbal wink rather than character comedy. Keep the theatrical context, but turn the joke towards Adam.",Richtársky klobúk. Rudo v ňom hrá richtára. Ja by som v ňom stále vyzeral ako opravár.,"Richtársky klobúk. Rudo v ňom hrá richtára, klobúk hrá seba.",reject,"Richtársky klobúk. Rudo v ňom hrá richtára, klobúk hrá seba.","'Klobúk hrá seba' is a gentle absurd joke about the prop (Polda tone), not a pun or a closing wink; GPT's version makes it about Adam for no reason."
look.S37.ambient 1,joke,"The closing claim is generic nostalgic commentary, not a joke arising from Adam or the bench. His inability to stop looking for repairs gives the observation a character-based turn.",Lavička v tieni. Tu si človek môže len tak sadnúť a nič nerobiť. Ja by som už kontroloval skrutky.,Lavička v tieni. Sadnúť si a nič nerobiť je tu ešte normálne.,adapt,Lavička v tieni. Sadnúť si a nič nerobiť? Ja by som do minúty kontroloval skrutky.,"Right: generic nostalgia; adapted to Adam the repairman in a shorter, spoken form."
look.S38.ambient 1,unnatural,The compressed phrase “so značkou ceruzkou” is awkward. The calibration remark can become a concrete repairman's reaction rather than a generic closing quip.,Na vedre je značka ceruzkou. Kalibrované vedro! Len tú značku nezotrieť.,Vedro so značkou ceruzkou. Aj kalibrácia sa musí niekde začať.,adapt,Na vedre je ceruzkou čiarka a pri nej „po tadiaľto“. Najlacnejší merací prístroj v Ivanke.,Right: compressed phrase and a closing tag; the adapted look shows the mark and lets Adam react to it as a measuring device.
look.S39.ambient 1,grammar,The imagined direct speech after the colon needs quotation marks and an initial capital.,"Žiarovka hreje viac, než svieti. Babka by povedala: „Zlá účinnosť.“","Žiarovka hreje viac, než svieti. Babka by povedala: zlá účinnosť.",accept,"Žiarovka hreje viac, než svieti. Babka by povedala: „Zlá účinnosť.“",Right: quoted speech needs quotes and a capital.
look.S39.plate,length,The look exceeds the approximate 110-character target. Shorten the final instruction without altering the inscription or the clue.,"PÔVOD, HLAS, SÚHLAS, NÁVRAT. Pod tým: „Rôzne údaje neznamenajú neplatné údaje.“ Platňa ostane tu. Treba odtlačok.","PÔVOD, HLAS, SÚHLAS, NÁVRAT. Pod tým: „Rôzne údaje neznamenajú neplatné údaje.“ Platňa zostane tu, potrebujem jej odtlačok.",reject,"PÔVOD, HLAS, SÚHLAS, NÁVRAT. Pod tým: „Rôzne údaje neznamenajú neplatné údaje.“ Platňa zostane tu, potrebujem jej odtlačok.","Protected inscription + clue, 123 characters, accepted length warning; the suggested 'Treba odtlačok' is clipped."
look.S40.ambient 1,joke,The abstract “vzácny jav” is a tacked-on ironic summary. Let Adam's disbelief about the family's hoarding produce a concrete reaction to the suitcase.,Prázdny kufor? V tejto rodine? Radšej sa pozriem aj pod podšívku.,Prázdny. Aj to je v tejto rodine vzácny jav.,adapt,"Prázdny kufor. Na povale, kde Mira odkladá všetko? Pre istotu skontrolujem aj podšívku.",Right: 'vzácny jav' is a tacked-on tag and 'v tejto rodine' did not fit an archive attic; the adapted look is Adam's concrete reaction (Mira keeps everything).
look.S33.carbon,grammar,Carbon paper is “uhľový papier”; “uhlový” means angular.,Uhľový papier pre zákazníkov. S ním urobím druhé vyhotovenie listu.,Uhlový papier pre zákazníkov. S ním urobím druhé vyhotovenie listu.,accept,Uhľový papier pre zákazníkov. S ním urobím druhé vyhotovenie listu.,Right: 'uhľový papier' (see action.I10.z07).
look.S62.ambient 1,joke,"“Without any physics” makes the comparison nonsensical, especially for a repairman. Tie the return joke directly to Adam's time travel.","Vratné fľaše. Na ich návrat netreba stroj času, stačí ich odniesť k pultu.",Vratné fľaše. Tu sa veci vracajú bez akejkoľvek fyziky.,adapt,"Vratné fľaše. Tie sa vracajú aj bez chronometra, stačí ich doniesť k pultu.","Right: 'bez akejkoľvek fyziky' did not make sense; the game's device is the chronometer, not a 'stroj času'."
entry.S65.001,joke,"The paper's unspecified “ambitions” are an abstract, written-sounding punchline. Make the bureaucratic obstacle something Adam actually anticipates dealing with.",Súčiastka je malá. Väčšia robota bude vybaviť papier na jej vydanie.,Súčiastka je malá. Papier na jej vydanie má ambície.,reject,Súčiastka je malá. Papier na jej vydanie má ambície.,The paperwork joke is Adam's voice (he jokes about forms) and it introduces Marta's office; GPT's version is flat.
look.S65.MARTA82,joke,"Comparing a stamp to a brandished club is a strained image with no support in Marta's behaviour. Keep the relief about her authority, but ground it in Adam's reaction.","Pani Dobiášová má pečiatku, ale nemusím pred ňou stáť v pozore.","Pani Dobiášová má pečiatku, ale nemáva ňou ako palicou.",accept,"Pani Dobiášová má pečiatku, ale nemusím pred ňou stáť v pozore.",Right: the club image was strained; the suggestion keeps the relief about her authority.
look.S65.ambient 1,unnatural,"“Budúcnosť to zautomatizuje: päťkrát” is compressed slogan-like wording; grammatically, “five times” appears to modify the automation rather than the repeated entry.",Každú súčiastku zapisujú perom trikrát. Počítač to raz zvládne automaticky päťkrát.,"Každá súčiastka je zapísaná perom, trikrát. Budúcnosť to zautomatizuje: päťkrát.",adapt,"Každú súčiastku tu zapisujú perom, trikrát. V budúcnosti to počítač urobí sám. Päťkrát.",Real ambiguity; adapted so the punchline 'Päťkrát' stays last and lands.
look.S60.JANA82,unnatural,“Vzorový papier” awkwardly describes the sheet itself as exemplary rather than identifying the reference diagram on it.,Jana si vlastný nápad zatiaľ nechala pod papierom so vzorovou schémou.,Jana si vlastný nápad zatiaľ nechala pod vzorovým papierom.,accept,Jana si vlastný nápad zatiaľ nechala pod papierom so vzorovou schémou.,Right: 'vzorový papier' described the sheet itself.
look.S60.ambient 1,unnatural,"“Jana vyzerá, že by vedela aj lepší” is awkwardly elliptical; the intended ability to devise a better procedure needs a natural verb phrase.",Vzorová schéma s nápisom DODRŽAŤ POSTUP. Jana by asi vedela vymyslieť aj lepší postup.,"Vzorová schéma s nápisom DODRŽAŤ POSTUP. Jana vyzerá, že by vedela aj lepší.",adapt,"Vzorová schéma s nápisom DODRŽAŤ POSTUP. Jana sa na ňu pozerá, akoby poznala lepší.","Right: elliptical; the adapted look is what Adam sees (Jana's look), shorter than GPT's."
topic.BERTA.extra 1.003,unnatural,"“Vyzerá, že…” is an awkward construction here. “Zdá sa, že…” expresses Adam's impression naturally.","Zdá sa, že vie o Ivanke všetko.","Vyzerá, že vie o Ivanke všetko.",adapt,"Vyzerá to, že vie o Ivanke všetko.","Right: 'Vyzerá, že' is clipped; 'Vyzerá to, že' is the spoken form for Adam."
topic.DOBRO.extra 3.001,unnatural,“Vyzerá ešte nová” is an awkward way to say that the school appears newly built. Use a natural comparison while keeping Adam's observation tentative.,"Škola vyzerá, akoby ju práve postavili.",Škola vyzerá ešte nová.,accept,"Škola vyzerá, akoby ju práve postavili.",Right: natural comparison; Dobrovič's 'Je nová. Omietka ešte schne' still answers it.
topic.JANA82.ambient 1.002,unnatural,Bare “oplatí sa pozrieť” sounds incomplete here: Adam means looking at her drawing. Restore the short prepositional complement.,Možno práve preto sa na to oplatí pozrieť.,Možno práve preto sa oplatí pozrieť.,accept,Možno práve preto sa na to oplatí pozrieť.,Right: 'na to' completes the phrase.
topic.MARTA82.ambient 2.001,grammar,The infinitival comparison introduced by “ako” does not take a comma.,"Tak mi povedzte presne, čo potrebujete. To je rýchlejšie ako mi vysvetľovať, že sa ponáhľate.","Tak mi povedzte presne, čo potrebujete. To je rýchlejšie, ako mi vysvetľovať, že sa ponáhľate.",accept,"Tak mi povedzte presne, čo potrebujete. To je rýchlejšie ako mi vysvetľovať, že sa ponáhľate.",Right: no comma before 'ako' + infinitive in a comparison.
topic.MIRA60.ambient 1.x03,joke,"The answer repeats the vague spatial image instead of resolving it, leaving the joke about available space ungrounded. Naming the notebook margin makes Mira's treatment of Adam as an anomalous entry concrete.","Vedľa všetkého ostatného, na okraj zošita. Tam je najviac miesta.",Vedľa všetkého ostatného. Tam je najviac miesta.,adapt,"Vedľa pôvodných údajov, na okraj. Okraje mám popísané hustejšie ako strany.","Real problem (vague image); the margin is concrete and the joke is now Mira's own: anomalies outnumber the data. Matches MIRA60.extra 2 ('vedľa, nie cez pôvodné údaje')."
topic.MIRA60.ambient 2.x03,joke,Opening a question 'wide open' is a forced extension of the idiom used solely as a closing quip. Mira's curiosity is better served by a direct warning that Adam has not escaped the question.,"Dobre. Ale nemysli si, že sa na tú rodinu zabudnem opýtať.",Dobre. Ale túto si nechám otvorenú dokorán.,accept,"Dobre. Ale nemysli si, že sa na tú rodinu zabudnem opýtať.",Right: 'otvorenú dokorán' was a forced idiom tag; the new line is Mira's curiosity and keeps the family hint open.
topic.OTO.ambient 1.x01,joke,The second sentence explains the character joke that the first sentence already delivers. Cutting it preserves Oto's understated precision and lets the delayed fright land.,Až potom sme sa zľakli.,"Až potom sme sa zľakli. V tomto poradí, inak by to nebolo poriadne.",accept,Až potom sme sa zľakli.,Right: the second sentence explained the joke.
topic.OTO82.ambient 2.001,unnatural,"The reflexive wording makes Tóno explain things to himself rather than demonstrate his understanding. A person can sign an authorisation for production, not production itself.","Pomáha. Nech si veci vyskúša a vysvetlí, ako fungujú. Výrobu schvaľujem a papiere podpisujem ja.",Pomáha. Nech si veci vyskúša a vysvetlí. Ale výrobu a papiere podpisujem ja.,adapt,Pomáha. Nech si veci vyskúša a potom ich vysvetlí. Výrobu však schvaľujem a papiere podpisujem ja.,Right: 'si ... vysvetlí' read reflexively and one does not sign 'výrobu'; adapted with 'potom ich' so Tóno explains them to others.
topic.POSTA.ambient 1.x03,joke,The closing sentence turns the clerk's concrete explanation into a detachable aphorism. Keep the distinction between dating a document and establishing its truth in his bureaucratic voice.,"Pečiatka potvrdí iba dátum. Kto chce potvrdiť aj pravdu, musí ju najprv dokázať.",Pečiatka vie iba dátum. Pravdu si každý musí doniesť sám.,adapt,"Pečiatka vie iba dátum, prosím. Pravdu si musí každý priniesť so sebou.","Real problem (a detachable aphorism); with his 'prosím' and 'priniesť so sebou' it is a clerk's instruction at the counter, which is his joke. GPT's version is flat."
topic.POSTA.ambient 2.x03,unnatural,The wording leaves it unclear whether Béla would be proud of the cap or too proud to wear it. Make the imagined consequence of his pride concrete.,"Nemá služobnú čiapku. A keby ju dostal, od pýchy by sa ani neodlepil od zeme.",Nemá služobnú čiapku. A na tú by bol aj príliš pyšný.,adapt,"Nemá služobnú čiapku. A keby ju dostal, chcel by aj služobný holubník.",Right: unclear; the adapted pay-off is Alojz's office logic (a cap leads to a service loft).
topic.RUZENA.extra 2.002,unnatural,“Rad s fľašami” is awkwardly compressed: the people in the queue carry the bottles. Naming them makes the image natural without changing the information.,Ako kedy. Najviac v pondelok. Ráno je tu rad ľudí s fľašami až po dvere.,Ako kedy. Najviac v pondelok. Ráno je tu rad s fľašami až po dvere.,accept,Ako kedy. Najviac v pondelok. Ráno je tu rad ľudí s fľašami až po dvere.,"Right: people queue, not bottles."
topic.SKLAD.extra 1.004,joke,The repeated bare “niečo” makes the ending a strained word trick. Ground the joke in his habit of treating every request as a stock item.,"Tie, kde je napísané „niečo na opravu“. Takú položku nemáme my ani žiadny iný sklad.","Tie, kde je napísané „niečo na opravu“. Niečo nemáme. Niečo nemá nikto.",adapt,"Tie, kde je napísané „niečo na opravu“. Položku „niečo“ nevedieme. Tú nemá nikto.","The literal stock-item joke is Štefan's (keep it), but GPT is right that the bare repetition was unclear; 'Položku „niečo“ nevedieme' makes it land."
topic.TONO82.ambient 2.x02,tyvy,“Máš” marks informal address. The table requires neutral wording on both sides of Tóno's ambient exchanges.,A ako sa volá tá vec v ruke?,"A ako sa volá to, čo máš v ruke?",reject,"A ako sa volá to, čo máš v ruke?",Adam always says 'ty' to the 12-year-old (E01 'Ty si Tóno?'); only Tóno's own forms must be neutral before E02.
topic.TONO82.extra 1.001,tyvy,"Although “u vás” refers to the household, it still uses a second-person address form. These ambient exchanges require neutral wording.",A doma bol včera Mikuláš?,Bol včera u vás Mikuláš?,reject,Bol včera u vás Mikuláš?,"'u vás' is the household; Adam → Tóno is 'ty' anyway, and the topic requires E02."
topic.TONO82.extra 1.003,tyvy,"“Ty si” explicitly marks informal address, contrary to the neutral-address rule for ambient topics.",Takže budík šiel na súčiastky?,Ty si rozobral budík?,reject,Ty si rozobral budík?,Adam → Tóno is always 'ty' (voice table).
topic.TONO82.extra 1.006,tyvy,“Tebe” assumes the informal relationship already exists. The repeatable ambient exchange must also work before E02.,"Dedo hovorí, že najlepším nie. To „aj najlepším“ je asi z vlastnej skúsenosti, nie?","Dedo hovorí, že najlepším nie. Ale tebe sa to asi tiež stáva, nie?",reject,"Dedo hovorí, že najlepším nie. Ale tebe sa to asi tiež stáva, nie?",The topic requires E02; from E02 on Tóno says 'ty' (voice table).
topic.TONO82.extra 2.001,tyvy,“Chceš” and “vyrastieš” mark informal address. The ambient-topic rule requires neutral wording from Adam too.,A čo raz v dospelosti? Aké povolanie?,"Čím chceš byť, keď vyrastieš?",reject,"Čím chceš byť, keď vyrastieš?",Adam → Tóno is always 'ty' (voice table).
topic.TONO82.extra 2.006,tyvy,"“Hovoríš” assumes informal address, which is unavailable before E02. Keep this ambient response neutral.","To znie ako dedo. Aj on tvrdí, že každé dvere majú svoj trik.","Hovoríš ako dedo. Aj on tvrdí, že každé dvere majú svoj trik.",reject,"Hovoríš ako dedo. Aj on tvrdí, že každé dvere majú svoj trik.",The topic requires E02; from E02 on Tóno says 'ty'.
topic.TONO82.extra 3.001,tyvy,“Kreslíš” marks informal address rather than the neutral wording required for ambient topics.,Prečo sú na všetkých kresbách lastovičky?,Prečo kreslíš všade lastovičky?,reject,Prečo kreslíš všade lastovičky?,Adam → Tóno is always 'ty'; Tóno's own lines in this ungated topic are neutral.
topic.TONO82.extra 3.003,tyvy,“Ty by si” explicitly marks informal address. Preserve the quiet hypothetical question without an address form.,A tiež by to ťahalo späť domov?,A ty by si sa vracal?,reject,A ty by si sa vracal?,Adam → Tóno is always 'ty'.
topic.VERA60.extra 3.004,unnatural,"“Vy vyzeráte, že ste…” is an awkward construction for an impression about someone's past experience. Use “akoby”.","Napríklad. Hoci vy vyzeráte, akoby ste pri ňom už boli.","Napríklad. Hoci vy vyzeráte, že ste pri ňom už boli.",accept,"Napríklad. Hoci vy vyzeráte, akoby ste pri ňom už boli.",Right: 'akoby ste' is the natural construction.
item.REGFORM,unnatural,"“Súpis merania” is an unnatural collocation: the document lists measurement results, not the act of measuring.",Mirin podpísaný list s dnešným dátumom a výsledkami merania. Potrebujem druhopis a poštovú pečiatku.,Mirin podpísaný list s dnešným dátumom a súpisom merania. Potrebujem druhopis a poštovú pečiatku.,accept,Mirin podpísaný list s dnešným dátumom a výsledkami merania. Potrebujem druhopis a poštovú pečiatku.,Right: the list records results.
item.CARBON,calque,"“Uhlový papier” follows Czech terminology; use Slovak “kopírovací papier”. Inserting it alone does not produce a copy, so the description should also mention writing.",Kopírovací papier z pošty. Dám ho medzi dva hárky a jedným písaním spravím dve rovnaké vyhotovenia.,Uhlový papier z pošty. Vložím ho medzi dva hárky a mám dve rovnaké vyhotovenia.,adapt,Uhľový papier z pošty. Vložím ho medzi dva hárky a jedným písaním mám dve rovnaké vyhotovenia.,"Right: 'uhľový' (not the Czech 'uhlový'); 'kopírovací papier' rejected because the item, hotspot and glossary term stay 'uhľový papier'; 'jedným písaním' added as suggested."
item.REGISTERED,grammar,The contrast incorrectly pairs a confirmed statement introduced by “že” with an indirect question introduced by “či”. Both clauses should express what the post office did or did not certify.,"Pečiatka a číslo Z-17. Pošta potvrdila, že list dnes existoval, nie že je fyzika správna.","Pečiatka a číslo Z-17. Pošta potvrdila, že list dnes existoval, nie či je fyzika správna.",accept,"Pečiatka a číslo Z-17. Pošta potvrdila, že list dnes existoval, nie že je fyzika správna.",Right: parallel 'že ... nie že'.
item.JANA_DRAWING,nonsense,The unstated subject of “neodreže” appears to be the schematic or Jana. Name the circuit so the technical explanation is clear.,"Janina schéma s poznámkami. Vysvetľuje, prečo zapojenie neodreže slabý signál.","Janina schéma s poznámkami. Vysvetľuje, prečo slabý signál neodreže.",accept,"Janina schéma s poznámkami. Vysvetľuje, prečo zapojenie neodreže slabý signál.",Right: the subject was missing.
