quest,step,keys,kind,room,target,puzzle,easy_exact_step_do_not_reveal,note
M01,G01,hint.nudge.G01,nudge,Adamova garáž,Servisná brašna,,V garáži vezmi servisnú brašnu.,"Standard+Hard level 1: a nudge in Adam's voice (what is missing / who might know); only people, places and items the player already met before this step in every legal order"
M01,G01,hint.where.G01,where,Adamova garáž,Servisná brašna,,V garáži vezmi servisnú brašnu.,"Standard level 2: where to look (place or person), never the item combination or the action"
M01,G02,hint.nudge.G02,nudge,Lúčny koník – výdajné miesto,Ela Švecová,,Na výdajnom mieste pri Lúčnom koníku sa s Elou porozprávaj o téme „Babkin nákup“.,"Standard+Hard level 1: a nudge in Adam's voice (what is missing / who might know); only people, places and items the player already met before this step in every legal order"
M01,G02,hint.where.G02,where,Lúčny koník – výdajné miesto,Ela Švecová,,Na výdajnom mieste pri Lúčnom koníku sa s Elou porozprávaj o téme „Babkin nákup“.,"Standard level 2: where to look (place or person), never the item combination or the action"
M01,G03,hint.nudge.G03,nudge,Potraviny cez okienko,Dana Valová,,Mirin nákupný lístok použi na Danu v potravinách.,"Standard+Hard level 1: a nudge in Adam's voice (what is missing / who might know); only people, places and items the player already met before this step in every legal order"
M01,G03,hint.where.G03,where,Potraviny cez okienko,Dana Valová,,Mirin nákupný lístok použi na Danu v potravinách.,"Standard level 2: where to look (place or person), never the item combination or the action"
M01,G04,hint.nudge.G04,nudge,Mirina bránka,Stolík pred bránkou,,Tašku s nákupom polož na stolík pred Mirinou bránkou.,"Standard+Hard level 1: a nudge in Adam's voice (what is missing / who might know); only people, places and items the player already met before this step in every legal order"
M01,G04,hint.where.G04,where,Mirina bránka,Stolík pred bránkou,,Tašku s nákupom polož na stolík pred Mirinou bránkou.,"Standard level 2: where to look (place or person), never the item combination or the action"
M01,G05,hint.nudge.G05,nudge,Pod zatvoreným oknom,Mira Hrušková,,Pod zatvoreným oknom sa s Mirou porozprávaj o téme „Potrebuješ ešte niečo?“,"Standard+Hard level 1: a nudge in Adam's voice (what is missing / who might know); only people, places and items the player already met before this step in every legal order"
M01,G05,hint.where.G05,where,Pod zatvoreným oknom,Mira Hrušková,,Pod zatvoreným oknom sa s Mirou porozprávaj o téme „Potrebuješ ešte niečo?“,"Standard level 2: where to look (place or person), never the item combination or the action"
M02,G06,hint.nudge.G06,nudge,Mirina bránka,Dvere záhradnej dielne,,Kľúč od dielne použi na dvere záhradnej dielne.,"Standard+Hard level 1: a nudge in Adam's voice (what is missing / who might know); only people, places and items the player already met before this step in every legal order"
M02,G06,hint.where.G06,where,Mirina bránka,Dvere záhradnej dielne,,Kľúč od dielne použi na dvere záhradnej dielne.,"Standard level 2: where to look (place or person), never the item combination or the action"
M02,G07,hint.nudge.G07,nudge,Predsieň záhradnej dielne,Mosadzné puzdro,,V predsieni dielne vyber chronometer z mosadzného puzdra.,"Standard+Hard level 1: a nudge in Adam's voice (what is missing / who might know); only people, places and items the player already met before this step in every legal order"
M02,G07,hint.where.G07,where,Predsieň záhradnej dielne,Mosadzné puzdro,,V predsieni dielne vyber chronometer z mosadzného puzdra.,"Standard level 2: where to look (place or person), never the item combination or the action"
M02,G08,hint.nudge.G08,nudge,Dielňa ZVON,Stolový uzol ZVON,,Servisnú brašnu použi na stolový uzol ZVON v dielni.,"Standard+Hard level 1: a nudge in Adam's voice (what is missing / who might know); only people, places and items the player already met before this step in every legal order"
M02,G08,hint.where.G08,where,Dielňa ZVON,Stolový uzol ZVON,,Servisnú brašnu použi na stolový uzol ZVON v dielni.,"Standard level 2: where to look (place or person), never the item combination or the action"
M02,G09,hint.nudge.G09,nudge,Adamova garáž,Zásuvka s poistkami,,V garáži vezmi náhradnú poistku zo zásuvky.,"Standard+Hard level 1: a nudge in Adam's voice (what is missing / who might know); only people, places and items the player already met before this step in every legal order"
M02,G09,hint.where.G09,where,Adamova garáž,Zásuvka s poistkami,,V garáži vezmi náhradnú poistku zo zásuvky.,"Standard level 2: where to look (place or person), never the item combination or the action"
M02,G10,hint.nudge.G10,nudge,Dielňa ZVON,Stolový uzol ZVON,,Náhradnú poistku použi na stolový uzol ZVON v dielni.,"Standard+Hard level 1: a nudge in Adam's voice (what is missing / who might know); only people, places and items the player already met before this step in every legal order"
M02,G10,hint.where.G10,where,Dielňa ZVON,Stolový uzol ZVON,,Náhradnú poistku použi na stolový uzol ZVON v dielni.,"Standard level 2: where to look (place or person), never the item combination or the action"
M02,G11,hint.nudge.G11,nudge,Dielňa ZVON,Tvarový prepojovací panel,P01,Na tvarovom paneli spoj každý tvar s rovnakým tvarom podľa schémy nad ním.,"Standard+Hard level 1: a nudge in Adam's voice (what is missing / who might know); only people, places and items the player already met before this step in every legal order; puzzle step: Standard only (Hard gives no puzzle help)"
M02,G11,hint.where.G11,where,Dielňa ZVON,Tvarový prepojovací panel,P01,Na tvarovom paneli spoj každý tvar s rovnakým tvarom podľa schémy nad ním.,Standard level 2 for a PUZZLE step: explain the rule of P01 without filling in or naming the answer
M03,B01,hint.nudge.B01,nudge,Pred ZŠ Sokolíkova,Nástenka krúžku,,Pred školou si prečítaj oznam na nástenke krúžku.,"Standard+Hard level 1: a nudge in Adam's voice (what is missing / who might know); only people, places and items the player already met before this step in every legal order"
M03,B01,hint.where.B01,where,Pred ZŠ Sokolíkova,Nástenka krúžku,,Pred školou si prečítaj oznam na nástenke krúžku.,"Standard level 2: where to look (place or person), never the item combination or the action"
M03,B02,hint.nudge.B02,nudge,Školská vstupná chodba,Anton Farkaš,,Prenosný chronometer ZVON použi na Tóna vo vstupnej chodbe.,"Standard+Hard level 1: a nudge in Adam's voice (what is missing / who might know); only people, places and items the player already met before this step in every legal order"
M03,B02,hint.where.B02,where,Školská vstupná chodba,Anton Farkaš,,Prenosný chronometer ZVON použi na Tóna vo vstupnej chodbe.,"Standard level 2: where to look (place or person), never the item combination or the action"
M03,B03,hint.nudge.B03,nudge,Trieda pamäťového krúžku,Mira Hrušková,,V triede pamäťového krúžku sa s Mirou porozprávaj o téme „Problém s chronometrom“.,"Standard+Hard level 1: a nudge in Adam's voice (what is missing / who might know); only people, places and items the player already met before this step in every legal order"
M03,B03,hint.where.B03,where,Trieda pamäťového krúžku,Mira Hrušková,,V triede pamäťového krúžku sa s Mirou porozprávaj o téme „Problém s chronometrom“.,"Standard level 2: where to look (place or person), never the item combination or the action"
M04,B04,hint.nudge.B04,nudge,Miestnosť školského rozhlasu,Kazetový mechanizmus,,Servisnú brašnu použi na kazetový mechanizmus v miestnosti školského rozhlasu.,"Standard+Hard level 1: a nudge in Adam's voice (what is missing / who might know); only people, places and items the player already met before this step in every legal order"
M04,B04,hint.where.B04,where,Miestnosť školského rozhlasu,Kazetový mechanizmus,,Servisnú brašnu použi na kazetový mechanizmus v miestnosti školského rozhlasu.,"Standard level 2: where to look (place or person), never the item combination or the action"
M04,B05,hint.nudge.B05,nudge,Paliho opravovňa,Pavol Drobný,,Rozpadnutý remienok použi na Paliho v jeho opravovni v Karlovej Vsi.,"Standard+Hard level 1: a nudge in Adam's voice (what is missing / who might know); only people, places and items the player already met before this step in every legal order"
M04,B05,hint.where.B05,where,Paliho opravovňa,Pavol Drobný,,Rozpadnutý remienok použi na Paliho v jeho opravovni v Karlovej Vsi.,"Standard level 2: where to look (place or person), never the item combination or the action"
M04,B06,hint.nudge.B06,nudge,Miestnosť školského rozhlasu,Kazetový mechanizmus,,Nový remienok použi na kazetový mechanizmus v miestnosti školského rozhlasu.,"Standard+Hard level 1: a nudge in Adam's voice (what is missing / who might know); only people, places and items the player already met before this step in every legal order"
M04,B06,hint.where.B06,where,Miestnosť školského rozhlasu,Kazetový mechanizmus,,Nový remienok použi na kazetový mechanizmus v miestnosti školského rozhlasu.,"Standard level 2: where to look (place or person), never the item combination or the action"
M05,B07,hint.nudge.B07,nudge,Kazetový klub v suteréne,Juro Kazeta,,Kazetu s rušenými stopami použi na Jura v kazetovom klube v Ružinove.,"Standard+Hard level 1: a nudge in Adam's voice (what is missing / who might know); only people, places and items the player already met before this step in every legal order"
M05,B07,hint.where.B07,where,Kazetový klub v suteréne,Juro Kazeta,,Kazetu s rušenými stopami použi na Jura v kazetovom klube v Ružinove.,"Standard level 2: where to look (place or person), never the item combination or the action"
M05,B08,hint.nudge.B08,nudge,Miletičova medzi stánkami,Zaseknutá stolová váha,,Servisnú brašnu použi na zaseknutú stolovú váhu u Fera na Miletičovej.,"Standard+Hard level 1: a nudge in Adam's voice (what is missing / who might know); only people, places and items the player already met before this step in every legal order"
M05,B08,hint.where.B08,where,Miletičova medzi stánkami,Zaseknutá stolová váha,,Servisnú brašnu použi na zaseknutú stolovú váhu u Fera na Miletičovej.,"Standard level 2: where to look (place or person), never the item combination or the action"
M05,B09,hint.nudge.B09,nudge,Opravovňa odevov,Milada Kyselová,,V opravovni odevov sa s Miladou porozprávaj o téme „Návlek na kábel“.,"Standard+Hard level 1: a nudge in Adam's voice (what is missing / who might know); only people, places and items the player already met before this step in every legal order"
M05,B09,hint.where.B09,where,Opravovňa odevov,Milada Kyselová,,V opravovni odevov sa s Miladou porozprávaj o téme „Návlek na kábel“.,"Standard level 2: where to look (place or person), never the item combination or the action"
M05,B10,hint.nudge.B10,nudge,(bag),,,V inventári spoj dvojpólový konektor s krížovým adaptérom.,"Standard+Hard level 1: a nudge in Adam's voice (what is missing / who might know); only people, places and items the player already met before this step in every legal order"
M05,B10,hint.where.B10,where,(bag),,,V inventári spoj dvojpólový konektor s krížovým adaptérom.,"Standard level 2: where to look (place or person), never the item combination or the action; bag step: say it happens in the bag without naming the two items"
M05,B11,hint.nudge.B11,nudge,(bag),,,V inventári spoj textilný izolačný návlek s adaptérom s konektorom.,"Standard+Hard level 1: a nudge in Adam's voice (what is missing / who might know); only people, places and items the player already met before this step in every legal order"
M05,B11,hint.where.B11,where,(bag),,,V inventári spoj textilný izolačný návlek s adaptérom s konektorom.,"Standard level 2: where to look (place or person), never the item combination or the action; bag step: say it happens in the bag without naming the two items"
M05,B12,hint.nudge.B12,nudge,Miestnosť školského rozhlasu,Servisný zvukový vstup,,Hotovú zvukovú prepojku použi na servisný zvukový vstup v miestnosti školského rozhlasu.,"Standard+Hard level 1: a nudge in Adam's voice (what is missing / who might know); only people, places and items the player already met before this step in every legal order"
M05,B12,hint.where.B12,where,Miestnosť školského rozhlasu,Servisný zvukový vstup,,Hotovú zvukovú prepojku použi na servisný zvukový vstup v miestnosti školského rozhlasu.,"Standard level 2: where to look (place or person), never the item combination or the action"
M06,B13,hint.nudge.B13,nudge,Archívna študovňa,Karol Merta,,Mirino poverenie použi na Karola v archívnej študovni.,"Standard+Hard level 1: a nudge in Adam's voice (what is missing / who might know); only people, places and items the player already met before this step in every legal order"
M06,B13,hint.where.B13,where,Archívna študovňa,Karol Merta,,Mirino poverenie použi na Karola v archívnej študovni.,"Standard level 2: where to look (place or person), never the item combination or the action"
M06,B14,hint.nudge.B14,nudge,Fotoateliér Svetlo,Alena Svobodová,,Technický fotografický negatív použi na Alenu vo fotoateliéri Svetlo.,"Standard+Hard level 1: a nudge in Adam's voice (what is missing / who might know); only people, places and items the player already met before this step in every legal order"
M06,B14,hint.where.B14,where,Fotoateliér Svetlo,Alena Svobodová,,Technický fotografický negatív použi na Alenu vo fotoateliéri Svetlo.,"Standard level 2: where to look (place or person), never the item combination or the action"
M06,B15,hint.nudge.B15,nudge,Antikvariát Pod druhou rukou,Viera Holubová,,Fotografiu kalibračného stojana použi na Vieru v antikvariáte Pod druhou rukou; podľa nej ti dá fóliu K-17.,"Standard+Hard level 1: a nudge in Adam's voice (what is missing / who might know); only people, places and items the player already met before this step in every legal order"
M06,B15,hint.where.B15,where,Antikvariát Pod druhou rukou,Viera Holubová,,Fotografiu kalibračného stojana použi na Vieru v antikvariáte Pod druhou rukou; podľa nej ti dá fóliu K-17.,"Standard level 2: where to look (place or person), never the item combination or the action"
M06,B16,hint.nudge.B16,nudge,(bag),,P02,"V inventári spoj priehľadnú fóliu K-17 s mapou uzlov, fóliu otoč o 180° a potvrď.","Standard+Hard level 1: a nudge in Adam's voice (what is missing / who might know); only people, places and items the player already met before this step in every legal order; puzzle step: Standard only (Hard gives no puzzle help)"
M06,B16,hint.where.B16,where,(bag),,P02,"V inventári spoj priehľadnú fóliu K-17 s mapou uzlov, fóliu otoč o 180° a potvrď.",Standard level 2 for a PUZZLE step: explain the rule of P02 without filling in or naming the answer
M07,B17,hint.nudge.B17,nudge,Garáž rádioamatéra,Dezider Kováč,,Úplnú mapu meracích uzlov použi na Dezidera v jeho garáži v Petržalke.,"Standard+Hard level 1: a nudge in Adam's voice (what is missing / who might know); only people, places and items the player already met before this step in every legal order"
M07,B17,hint.where.B17,where,Garáž rádioamatéra,Dezider Kováč,,Úplnú mapu meracích uzlov použi na Dezidera v jeho garáži v Petržalke.,"Standard level 2: where to look (place or person), never the item combination or the action"
M07,B18,hint.nudge.B18,nudge,Karloveské nástupište,Emil Belan,,Na Karloveskom nástupišti sa s Emilom porozprávaj o téme „Metronóm na meranie“.,"Standard+Hard level 1: a nudge in Adam's voice (what is missing / who might know); only people, places and items the player already met before this step in every legal order"
M07,B18,hint.where.B18,where,Karloveské nástupište,Emil Belan,,Na Karloveskom nástupišti sa s Emilom porozprávaj o téme „Metronóm na meranie“.,"Standard level 2: where to look (place or person), never the item combination or the action"
M07,B19,hint.nudge.B19,nudge,Sokolíkovský dvor,Rytmický nákres,,V Sokolíkovskom dvore si prečítaj rytmický nákres na múre.,"Standard+Hard level 1: a nudge in Adam's voice (what is missing / who might know); only people, places and items the player already met before this step in every legal order"
M07,B19,hint.where.B19,where,Sokolíkovský dvor,Rytmický nákres,,V Sokolíkovskom dvore si prečítaj rytmický nákres na múre.,"Standard level 2: where to look (place or person), never the item combination or the action"
M07,B20,hint.nudge.B20,nudge,Merací stánok na Starom moste,Držiak meracej cievky,,Deziderovu meraciu cievku použi na držiak v meracom stánku na Starom moste.,"Standard+Hard level 1: a nudge in Adam's voice (what is missing / who might know); only people, places and items the player already met before this step in every legal order"
M07,B20,hint.where.B20,where,Merací stánok na Starom moste,Držiak meracej cievky,,Deziderovu meraciu cievku použi na držiak v meracom stánku na Starom moste.,"Standard level 2: where to look (place or person), never the item combination or the action"
M07,B21,hint.nudge.B21,nudge,Merací stánok na Starom moste,Stolík s rytmickou značkou,,Emilov metronóm polož na stolík s rytmickou značkou pri meracom stánku na Starom moste.,"Standard+Hard level 1: a nudge in Adam's voice (what is missing / who might know); only people, places and items the player already met before this step in every legal order"
M07,B21,hint.where.B21,where,Merací stánok na Starom moste,Stolík s rytmickou značkou,,Emilov metronóm polož na stolík s rytmickou značkou pri meracom stánku na Starom moste.,"Standard level 2: where to look (place or person), never the item combination or the action"
M07,B22,hint.nudge.B22,nudge,Merací stánok na Starom moste,Tri kalibračné číslice,P03,"Keď máš zachránenú kazetu aj úplnú mapu, nastav na meracom stojane v stánku na Starom moste 3–2–6.","Standard+Hard level 1: a nudge in Adam's voice (what is missing / who might know); only people, places and items the player already met before this step in every legal order; puzzle step: Standard only (Hard gives no puzzle help)"
M07,B22,hint.where.B22,where,Merací stánok na Starom moste,Tri kalibračné číslice,P03,"Keď máš zachránenú kazetu aj úplnú mapu, nastav na meracom stojane v stánku na Starom moste 3–2–6.",Standard level 2 for a PUZZLE step: explain the rule of P03 without filling in or naming the answer
M08,I01,hint.nudge.I01,nudge,Otova mechanická dielňa,Oto Bielik,,Prenosný chronometer ZVON použi na Ota v jeho mechanickej dielni.,"Standard+Hard level 1: a nudge in Adam's voice (what is missing / who might know); only people, places and items the player already met before this step in every legal order"
M08,I01,hint.where.I01,where,Otova mechanická dielňa,Oto Bielik,,Prenosný chronometer ZVON použi na Ota v jeho mechanickej dielni.,"Standard level 2: where to look (place or person), never the item combination or the action"
M08,I02,hint.nudge.I02,nudge,Dvor hospodárskej dielne,Štefan Haluška,,Otov výdajný lístok použi na Štefana na dvore dielne.,"Standard+Hard level 1: a nudge in Adam's voice (what is missing / who might know); only people, places and items the player already met before this step in every legal order"
M08,I02,hint.where.I02,where,Dvor hospodárskej dielne,Štefan Haluška,,Otov výdajný lístok použi na Štefana na dvore dielne.,"Standard level 2: where to look (place or person), never the item combination or the action"
M08,I03,hint.nudge.I03,nudge,Kultúrna sála pred skúškou,Svorka kulisy,,Servisnú brašnu použi na svorku kulisy v kultúrnej sále.,"Standard+Hard level 1: a nudge in Adam's voice (what is missing / who might know); only people, places and items the player already met before this step in every legal order"
M08,I03,hint.where.I03,where,Kultúrna sála pred skúškou,Svorka kulisy,,Servisnú brašnu použi na svorku kulisy v kultúrnej sále.,"Standard level 2: where to look (place or person), never the item combination or the action"
M08,I04,hint.nudge.I04,nudge,(bag),,,V inventári spoj Lídin ručný dierovač s predrezanou koženou manžetou.,"Standard+Hard level 1: a nudge in Adam's voice (what is missing / who might know); only people, places and items the player already met before this step in every legal order"
M08,I04,hint.where.I04,where,(bag),,,V inventári spoj Lídin ručný dierovač s predrezanou koženou manžetou.,"Standard level 2: where to look (place or person), never the item combination or the action; bag step: say it happens in the bag without naming the two items"
M08,I05,hint.nudge.I05,nudge,(bag),,,V inventári spoj dva duté nity s dierovanou manžetou.,"Standard+Hard level 1: a nudge in Adam's voice (what is missing / who might know); only people, places and items the player already met before this step in every legal order"
M08,I05,hint.where.I05,where,(bag),,,V inventári spoj dva duté nity s dierovanou manžetou.,"Standard level 2: where to look (place or person), never the item combination or the action; bag step: say it happens in the bag without naming the two items"
M08,I06,hint.nudge.I06,nudge,Pred skúšobnou čerpacou búdkou,Demonštračná ručná pumpa,,Hotovú manžetu použi na demonštračnú ručnú pumpu pred skúšobnou búdkou.,"Standard+Hard level 1: a nudge in Adam's voice (what is missing / who might know); only people, places and items the player already met before this step in every legal order"
M08,I06,hint.where.I06,where,Pred skúšobnou čerpacou búdkou,Demonštračná ručná pumpa,,Hotovú manžetu použi na demonštračnú ručnú pumpu pred skúšobnou búdkou.,"Standard level 2: where to look (place or person), never the item combination or the action"
M08,I07,hint.nudge.I07,nudge,Otova mechanická dielňa,Oto Bielik,,V dielni sa s Otom porozprávaj o téme „Pumpa je opravená“.,"Standard+Hard level 1: a nudge in Adam's voice (what is missing / who might know); only people, places and items the player already met before this step in every legal order"
M08,I07,hint.where.I07,where,Otova mechanická dielňa,Oto Bielik,,V dielni sa s Otom porozprávaj o téme „Pumpa je opravená“.,"Standard level 2: where to look (place or person), never the item combination or the action"
M08,I08,hint.nudge.I08,nudge,Pred skúšobnou čerpacou búdkou,Dvere meracej miestnosti,,Kľúč od meracej miestnosti použi na jej dvere pri ručnej pumpe.,"Standard+Hard level 1: a nudge in Adam's voice (what is missing / who might know); only people, places and items the player already met before this step in every legal order"
M08,I08,hint.where.I08,where,Pred skúšobnou čerpacou búdkou,Dvere meracej miestnosti,,Kľúč od meracej miestnosti použi na jej dvere pri ručnej pumpe.,"Standard level 2: where to look (place or person), never the item combination or the action"
M09,I09,hint.nudge.I09,nudge,Miestnosť prvého ZVONu,Mira Hrušková,,V miestnosti prvého ZVONu sa s Mirou porozprávaj o téme „Mazanie výnimiek v budúcnosti“.,"Standard+Hard level 1: a nudge in Adam's voice (what is missing / who might know); only people, places and items the player already met before this step in every legal order"
M09,I09,hint.where.I09,where,Miestnosť prvého ZVONu,Mira Hrušková,,V miestnosti prvého ZVONu sa s Mirou porozprávaj o téme „Mazanie výnimiek v budúcnosti“.,"Standard level 2: where to look (place or person), never the item combination or the action"
M09,I10,hint.nudge.I10,nudge,Park pri kaštieli,Vera Nemcová,,V parku pri kaštieli sa s Verou porozprávaj o téme „Tupé rydlo“.,"Standard+Hard level 1: a nudge in Adam's voice (what is missing / who might know); only people, places and items the player already met before this step in every legal order"
M09,I10,hint.where.I10,where,Park pri kaštieli,Vera Nemcová,,V parku pri kaštieli sa s Verou porozprávaj o téme „Tupé rydlo“.,"Standard level 2: where to look (place or person), never the item combination or the action"
M09,I11,hint.nudge.I11,nudge,Povala technického archívu,Voskovaný papier,,Na povale technického archívu vezmi voskovaný papier.,"Standard+Hard level 1: a nudge in Adam's voice (what is missing / who might know); only people, places and items the player already met before this step in every legal order"
M09,I11,hint.where.I11,where,Povala technického archívu,Voskovaný papier,,Na povale technického archívu vezmi voskovaný papier.,"Standard level 2: where to look (place or person), never the item combination or the action"
M09,I12,hint.nudge.I12,nudge,Miestnosť prvého ZVONu,Kalibračná mosadzná platňa,,Voskovaný hárok použi na kalibračnú mosadznú platňu v miestnosti prvého ZVONu.,"Standard+Hard level 1: a nudge in Adam's voice (what is missing / who might know); only people, places and items the player already met before this step in every legal order"
M09,I12,hint.where.I12,where,Miestnosť prvého ZVONu,Kalibračná mosadzná platňa,,Voskovaný hárok použi na kalibračnú mosadznú platňu v miestnosti prvého ZVONu.,"Standard level 2: where to look (place or person), never the item combination or the action"
M09,I13,hint.nudge.I13,nudge,(bag),,,V inventári spoj Verino tupé rydlo s nezvýrazneným odtlačkom.,"Standard+Hard level 1: a nudge in Adam's voice (what is missing / who might know); only people, places and items the player already met before this step in every legal order"
M09,I13,hint.where.I13,where,(bag),,,V inventári spoj Verino tupé rydlo s nezvýrazneným odtlačkom.,"Standard level 2: where to look (place or person), never the item combination or the action; bag step: say it happens in the bag without naming the two items"
M10,I14,hint.nudge.I14,nudge,Pošta s prepážkou,Uhľový papier,,Na pošte vezmi uhlový papier pri prepážke.,"Standard+Hard level 1: a nudge in Adam's voice (what is missing / who might know); only people, places and items the player already met before this step in every legal order"
M10,I14,hint.where.I14,where,Pošta s prepážkou,Uhľový papier,,Na pošte vezmi uhlový papier pri prepážke.,"Standard level 2: where to look (place or person), never the item combination or the action"
M10,I15,hint.nudge.I15,nudge,(bag),,,V inventári spoj uhlový papier s technickým registračným listom.,"Standard+Hard level 1: a nudge in Adam's voice (what is missing / who might know); only people, places and items the player already met before this step in every legal order"
M10,I15,hint.where.I15,where,(bag),,,V inventári spoj uhlový papier s technickým registračným listom.,"Standard level 2: where to look (place or person), never the item combination or the action; bag step: say it happens in the bag without naming the two items"
M10,I16,hint.nudge.I16,nudge,Pošta s prepážkou,Alojz Baran,,Dve vyhotovenia listu použi na Alojza na pošte.,"Standard+Hard level 1: a nudge in Adam's voice (what is missing / who might know); only people, places and items the player already met before this step in every legal order"
M10,I16,hint.where.I16,where,Pošta s prepážkou,Alojz Baran,,Dve vyhotovenia listu použi na Alojza na pošte.,"Standard level 2: where to look (place or person), never the item combination or the action"
M10,I17,hint.nudge.I17,nudge,Povala technického archívu,Kovová archívna schránka,,Potvrdený registračný list použi na kovovú archívnu schránku na povale; čitateľný odtlačok musíš mať pri sebe.,"Standard+Hard level 1: a nudge in Adam's voice (what is missing / who might know); only people, places and items the player already met before this step in every legal order"
M10,I17,hint.where.I17,where,Povala technického archívu,Kovová archívna schránka,,Potvrdený registračný list použi na kovovú archívnu schránku na povale; čitateľný odtlačok musíš mať pri sebe.,"Standard level 2: where to look (place or person), never the item combination or the action"
M11A,C01,hint.nudge.C01,nudge,Pod zatvoreným oknom,Mira Hrušková,,Overený odtlačok z roku 1962 použi na Miru pod zatvoreným oknom v Grobe.,"Standard+Hard level 1: a nudge in Adam's voice (what is missing / who might know); only people, places and items the player already met before this step in every legal order"
M11A,C01,hint.where.C01,where,Pod zatvoreným oknom,Mira Hrušková,,Overený odtlačok z roku 1962 použi na Miru pod zatvoreným oknom v Grobe.,"Standard level 2: where to look (place or person), never the item combination or the action"
M11A,D01,hint.nudge.D01,nudge,Pred ZŠ Sokolíkova v roku 2020,Roh dvora a servisné okno,,Telefón použi na roh dvora so servisným oknom pred školou v roku 2020.,"Standard+Hard level 1: a nudge in Adam's voice (what is missing / who might know); only people, places and items the player already met before this step in every legal order"
M11A,D01,hint.where.D01,where,Pred ZŠ Sokolíkova v roku 2020,Roh dvora a servisné okno,,Telefón použi na roh dvora so servisným oknom pred školou v roku 2020.,"Standard level 2: where to look (place or person), never the item combination or the action"
M11A,D02,hint.nudge.D02,nudge,Školnícke servisné okno v roku 2020,Anton Farkaš,,Prenosný chronometer ZVON použi na Tóna pri školníckom servisnom okne v roku 2020.,"Standard+Hard level 1: a nudge in Adam's voice (what is missing / who might know); only people, places and items the player already met before this step in every legal order"
M11A,D02,hint.where.D02,where,Školnícke servisné okno v roku 2020,Anton Farkaš,,Prenosný chronometer ZVON použi na Tóna pri školníckom servisnom okne v roku 2020.,"Standard level 2: where to look (place or person), never the item combination or the action"
M11A,D03,hint.nudge.D03,nudge,Fyzikálny kabinet v roku 2020,Servisná kniha z roku 1982,,Vo fyzikálnom kabinete v roku 2020 si prečítaj servisnú knihu z roku 1982.,"Standard+Hard level 1: a nudge in Adam's voice (what is missing / who might know); only people, places and items the player already met before this step in every legal order"
M11A,D03,hint.where.D03,where,Fyzikálny kabinet v roku 2020,Servisná kniha z roku 1982,,Vo fyzikálnom kabinete v roku 2020 si prečítaj servisnú knihu z roku 1982.,"Standard level 2: where to look (place or person), never the item combination or the action"
M11A,D04,hint.nudge.D04,nudge,Dúbravská zastávka v roku 2020,Rám starých hodín,,Kópiu servisného záznamu 1982 použi na rám starých hodín na Dúbravskej zastávke v roku 2020.,"Standard+Hard level 1: a nudge in Adam's voice (what is missing / who might know); only people, places and items the player already met before this step in every legal order"
M11A,D04,hint.where.D04,where,Dúbravská zastávka v roku 2020,Rám starých hodín,,Kópiu servisného záznamu 1982 použi na rám starých hodín na Dúbravskej zastávke v roku 2020.,"Standard level 2: where to look (place or person), never the item combination or the action"
M11B,E01,hint.nudge.E01,nudge,Tóno a dedo pri servisnom okne v roku 1982,Anton Farkaš,,Prenosný chronometer ZVON použi na Tóna pri servisnom okne v roku 1982.,"Standard+Hard level 1: a nudge in Adam's voice (what is missing / who might know); only people, places and items the player already met before this step in every legal order"
M11B,E01,hint.where.E01,where,Tóno a dedo pri servisnom okne v roku 1982,Anton Farkaš,,Prenosný chronometer ZVON použi na Tóna pri servisnom okne v roku 1982.,"Standard level 2: where to look (place or person), never the item combination or the action"
M11B,E02,hint.nudge.E02,nudge,Tóno a dedo pri servisnom okne v roku 1982,Anton Farkaš,,Chránenú fotografiu dvora 2020 použi na Tóna pri servisnom okne.,"Standard+Hard level 1: a nudge in Adam's voice (what is missing / who might know); only people, places and items the player already met before this step in every legal order"
M11B,E02,hint.where.E02,where,Tóno a dedo pri servisnom okne v roku 1982,Anton Farkaš,,Chránenú fotografiu dvora 2020 použi na Tóna pri servisnom okne.,"Standard level 2: where to look (place or person), never the item combination or the action"
M11B,E03,hint.nudge.E03,nudge,Výdajňa školského údržbového materiálu v roku 1982,Marta Dobiášová,,Otov školský výdajný lístok použi na Martu vo výdajni údržbového materiálu; vchod do nej je zo sídliskového obchodu pri zastávke.,"Standard+Hard level 1: a nudge in Adam's voice (what is missing / who might know); only people, places and items the player already met before this step in every legal order"
M11B,E03,hint.where.E03,where,Výdajňa školského údržbového materiálu v roku 1982,Marta Dobiášová,,Otov školský výdajný lístok použi na Martu vo výdajni údržbového materiálu; vchod do nej je zo sídliskového obchodu pri zastávke.,"Standard level 2: where to look (place or person), never the item combination or the action"
M11B,E04,hint.nudge.E04,nudge,Fyzikálny kabinet v roku 1982,Servisná doska,,Diely návratového mostíka použi na servisnú dosku vo fyzikálnom kabinete v roku 1982.,"Standard+Hard level 1: a nudge in Adam's voice (what is missing / who might know); only people, places and items the player already met before this step in every legal order"
M11B,E04,hint.where.E04,where,Fyzikálny kabinet v roku 1982,Servisná doska,,Diely návratového mostíka použi na servisnú dosku vo fyzikálnom kabinete v roku 1982.,"Standard level 2: where to look (place or person), never the item combination or the action"
M11B,E05,hint.nudge.E05,nudge,Sídliskový obchod v roku 1982,Ružena Malá,,V sídliskovom obchode sa s Ruženou porozprávaj o téme „Suchý pohár pre školu“.,"Standard+Hard level 1: a nudge in Adam's voice (what is missing / who might know); only people, places and items the player already met before this step in every legal order"
M11B,E05,hint.where.E05,where,Sídliskový obchod v roku 1982,Ružena Malá,,V sídliskovom obchode sa s Ruženou porozprávaj o téme „Suchý pohár pre školu“.,"Standard level 2: where to look (place or person), never the item combination or the action"
M11B,E06,hint.nudge.E06,nudge,(bag),,,V inventári spoj nový keramický mostík s pohárom s viečkom a tesnením.,"Standard+Hard level 1: a nudge in Adam's voice (what is missing / who might know); only people, places and items the player already met before this step in every legal order"
M11B,E06,hint.where.E06,where,(bag),,,V inventári spoj nový keramický mostík s pohárom s viečkom a tesnením.,"Standard level 2: where to look (place or person), never the item combination or the action; bag step: say it happens in the bag without naming the two items"
M11B,E07,hint.nudge.E07,nudge,Školský záhradný sklad v roku 1982,Šimon Rybár,,V školskom záhradnom sklade sa so Šimonom porozprávaj o téme „Ochrana mladej lipy“.,"Standard+Hard level 1: a nudge in Adam's voice (what is missing / who might know); only people, places and items the player already met before this step in every legal order"
M11B,E07,hint.where.E07,where,Školský záhradný sklad v roku 1982,Šimon Rybár,,V školskom záhradnom sklade sa so Šimonom porozprávaj o téme „Ochrana mladej lipy“.,"Standard level 2: where to look (place or person), never the item combination or the action"
M11B,E08,hint.nudge.E08,nudge,Školský dvor s mladou lipou v roku 1982,Servisná dutina v múriku,,Zapečatený pohár s mostíkom použi na servisnú dutinu v múriku na školskom dvore.,"Standard+Hard level 1: a nudge in Adam's voice (what is missing / who might know); only people, places and items the player already met before this step in every legal order"
M11B,E08,hint.where.E08,where,Školský dvor s mladou lipou v roku 1982,Servisná dutina v múriku,,Zapečatený pohár s mostíkom použi na servisnú dutinu v múriku na školskom dvore.,"Standard level 2: where to look (place or person), never the item combination or the action"
M11B,E09,hint.nudge.E09,nudge,Školský dvor s mladou lipou v roku 1982,Mladá lipa,,Ochrannú ohrádku pre lipu použi na mladú lipu na školskom dvore.,"Standard+Hard level 1: a nudge in Adam's voice (what is missing / who might know); only people, places and items the player already met before this step in every legal order"
M11B,E09,hint.where.E09,where,Školský dvor s mladou lipou v roku 1982,Mladá lipa,,Ochrannú ohrádku pre lipu použi na mladú lipu na školskom dvore.,"Standard level 2: where to look (place or person), never the item combination or the action"
M11B,E10,hint.nudge.E10,nudge,Školský záhradný sklad v roku 1982,Šimon Rybár,,V záhradnom sklade sa znova porozprávaj so Šimonom o téme „Zapíšete lipu aj múrik?“,"Standard+Hard level 1: a nudge in Adam's voice (what is missing / who might know); only people, places and items the player already met before this step in every legal order"
M11B,E10,hint.where.E10,where,Školský záhradný sklad v roku 1982,Šimon Rybár,,V záhradnom sklade sa znova porozprávaj so Šimonom o téme „Zapíšete lipu aj múrik?“,"Standard level 2: where to look (place or person), never the item combination or the action"
M11C,E11,hint.nudge.E11,nudge,Školská vstupná chodba,Anton Farkaš,,V roku 1995 sa porozprávaj s Tónom vo vstupnej chodbe a vyber tému s heslom „Lastovička sa vracia“.,"Standard+Hard level 1: a nudge in Adam's voice (what is missing / who might know); only people, places and items the player already met before this step in every legal order"
M11C,E11,hint.where.E11,where,Školská vstupná chodba,Anton Farkaš,,V roku 1995 sa porozprávaj s Tónom vo vstupnej chodbe a vyber tému s heslom „Lastovička sa vracia“.,"Standard level 2: where to look (place or person), never the item combination or the action"
M11C,D05,hint.nudge.D05,nudge,Školský dvor v roku 2020,Miesto pôvodnej servisnej dutiny,P05,"V roku 2020 použi servisnú brašnu na miesto pôvodnej servisnej dutiny na školskom dvore; v múriku vyber rad 2, stĺpec 3.","Standard+Hard level 1: a nudge in Adam's voice (what is missing / who might know); only people, places and items the player already met before this step in every legal order; puzzle step: Standard only (Hard gives no puzzle help)"
M11C,D05,hint.where.D05,where,Školský dvor v roku 2020,Miesto pôvodnej servisnej dutiny,P05,"V roku 2020 použi servisnú brašnu na miesto pôvodnej servisnej dutiny na školskom dvore; v múriku vyber rad 2, stĺpec 3.",Standard level 2 for a PUZZLE step: explain the rule of P05 without filling in or naming the answer
M11C,D06,hint.nudge.D06,nudge,(bag),,,V inventári použi servisnú brašnu na pohár vyzdvihnutý po 38 rokoch.,"Standard+Hard level 1: a nudge in Adam's voice (what is missing / who might know); only people, places and items the player already met before this step in every legal order"
M11C,D06,hint.where.D06,where,(bag),,,V inventári použi servisnú brašnu na pohár vyzdvihnutý po 38 rokoch.,"Standard level 2: where to look (place or person), never the item combination or the action; bag step: say it happens in the bag without naming the two items"
M11C,D07,hint.nudge.D07,nudge,Školnícke servisné okno v roku 2020,Anton Farkaš,,Zachovaný návratový mostík použi na Tóna pri školníckom servisnom okne v roku 2020.,"Standard+Hard level 1: a nudge in Adam's voice (what is missing / who might know); only people, places and items the player already met before this step in every legal order"
M11C,D07,hint.where.D07,where,Školnícke servisné okno v roku 2020,Anton Farkaš,,Zachovaný návratový mostík použi na Tóna pri školníckom servisnom okne v roku 2020.,"Standard level 2: where to look (place or person), never the item combination or the action"
M11D,C02,hint.nudge.C02,nudge,Lúčny koník – výdajné miesto,Ela Švecová,,Na výdajnom mieste pri Lúčnom koníku sa s Elou porozprávaj o téme „Protokol k babkinej krabici“.,"Standard+Hard level 1: a nudge in Adam's voice (what is missing / who might know); only people, places and items the player already met before this step in every legal order"
M11D,C02,hint.where.C02,where,Lúčny koník – výdajné miesto,Ela Švecová,,Na výdajnom mieste pri Lúčnom koníku sa s Elou porozprávaj o téme „Protokol k babkinej krabici“.,"Standard level 2: where to look (place or person), never the item combination or the action"
M11D,C03,hint.nudge.C03,nudge,Ulica medzi plotmi,Roman Kováč,,Protokol o odovzdaní použi na Romana na ulici medzi plotmi.,"Standard+Hard level 1: a nudge in Adam's voice (what is missing / who might know); only people, places and items the player already met before this step in every legal order"
M11D,C03,hint.where.C03,where,Ulica medzi plotmi,Roman Kováč,,Protokol o odovzdaní použi na Romana na ulici medzi plotmi.,"Standard level 2: where to look (place or person), never the item combination or the action"
M11D,C04,hint.nudge.C04,nudge,Lúčny koník – výdajné miesto,Ela Švecová,,Protokol s Romanovým podpisom použi na Elu na výdajnom mieste.,"Standard+Hard level 1: a nudge in Adam's voice (what is missing / who might know); only people, places and items the player already met before this step in every legal order"
M11D,C04,hint.where.C04,where,Lúčny koník – výdajné miesto,Ela Švecová,,Protokol s Romanovým podpisom použi na Elu na výdajnom mieste.,"Standard level 2: where to look (place or person), never the item combination or the action"
M11D,C05,hint.nudge.C05,nudge,Dielňa ZVON,Stolový uzol ZVON,,Potvrdené odovzdanie 2020 použi na stolový uzol ZVON v dielni; mostík musí byť v inventári.,"Standard+Hard level 1: a nudge in Adam's voice (what is missing / who might know); only people, places and items the player already met before this step in every legal order"
M11D,C05,hint.where.C05,where,Dielňa ZVON,Stolový uzol ZVON,,Potvrdené odovzdanie 2020 použi na stolový uzol ZVON v dielni; mostík musí byť v inventári.,"Standard level 2: where to look (place or person), never the item combination or the action"
M12,F01,hint.nudge.F01,nudge,Pred hotelom Grand Jasná,Nina Švecová,,Pred hotelom Grand Jasná sa s Ninou porozprávaj o téme „Prichádzam kvôli fondu Z-17“.,"Standard+Hard level 1: a nudge in Adam's voice (what is missing / who might know); only people, places and items the player already met before this step in every legal order"
M12,F01,hint.where.F01,where,Pred hotelom Grand Jasná,Nina Švecová,,Pred hotelom Grand Jasná sa s Ninou porozprávaj o téme „Prichádzam kvôli fondu Z-17“.,"Standard level 2: where to look (place or person), never the item combination or the action"
M12,F02,hint.nudge.F02,nudge,Lobby hotela Grand Jasná,Tamara Kráľová,,Pôvodnú školskú kazetu použi na Tamaru v lobby hotela Grand Jasná.,"Standard+Hard level 1: a nudge in Adam's voice (what is missing / who might know); only people, places and items the player already met before this step in every legal order"
M12,F02,hint.where.F02,where,Lobby hotela Grand Jasná,Tamara Kráľová,,Pôvodnú školskú kazetu použi na Tamaru v lobby hotela Grand Jasná.,"Standard level 2: where to look (place or person), never the item combination or the action"
M12,F03,hint.nudge.F03,nudge,Výstavný salón hotela Grand Jasná,Boris Urban,,Potvrdené odovzdanie 2020 použi na Borisa vo výstavnom salóne hotela; podľa neho nájde fond Z-17.,"Standard+Hard level 1: a nudge in Adam's voice (what is missing / who might know); only people, places and items the player already met before this step in every legal order"
M12,F03,hint.where.F03,where,Výstavný salón hotela Grand Jasná,Boris Urban,,Potvrdené odovzdanie 2020 použi na Borisa vo výstavnom salóne hotela; podľa neho nájde fond Z-17.,"Standard level 2: where to look (place or person), never the item combination or the action"
M12,F04,hint.nudge.F04,nudge,Klientske centrum Biela Púť,Sára Vrbová,,Katalógovú kartu fondu Z-17 použi na Sáru v klientskom centre Biela Púť.,"Standard+Hard level 1: a nudge in Adam's voice (what is missing / who might know); only people, places and items the player already met before this step in every legal order"
M12,F04,hint.where.F04,where,Klientske centrum Biela Púť,Sára Vrbová,,Katalógovú kartu fondu Z-17 použi na Sáru v klientskom centre Biela Púť.,"Standard level 2: where to look (place or person), never the item combination or the action"
M12,J02,hint.nudge.J02,nudge,Biela Púť pri dolnej stanici,Čítačka platného lístka,,Spiatočný lístok na oba úseky použi na čítačku platného lístka pri dolnej stanici.,"Standard+Hard level 1: a nudge in Adam's voice (what is missing / who might know); only people, places and items the player already met before this step in every legal order"
M12,J02,hint.where.J02,where,Biela Púť pri dolnej stanici,Čítačka platného lístka,,Spiatočný lístok na oba úseky použi na čítačku platného lístka pri dolnej stanici.,"Standard level 2: where to look (place or person), never the item combination or the action"
M12,J03,hint.nudge.J03,nudge,Priehyba pri prestupe na Funitel,Nástup na Funitel,,Na Priehybe nastúp na Funitel smer Chopok.,"Standard+Hard level 1: a nudge in Adam's voice (what is missing / who might know); only people, places and items the player already met before this step in every legal order"
M12,J03,hint.where.J03,where,Priehyba pri prestupe na Funitel,Nástup na Funitel,,Na Priehybe nastúp na Funitel smer Chopok.,"Standard level 2: where to look (place or person), never the item combination or the action"
M12,J04,hint.nudge.J04,nudge,Kabína Funitelu medzi Priehybou a Chopkom,Príchod do vrcholovej stanice,,V kabíne Funitelu dokonči jazdu pri vrcholovej stanici za oknom.,"Standard+Hard level 1: a nudge in Adam's voice (what is missing / who might know); only people, places and items the player already met before this step in every legal order"
M12,J04,hint.where.J04,where,Kabína Funitelu medzi Priehybou a Chopkom,Príchod do vrcholovej stanice,,V kabíne Funitelu dokonči jazdu pri vrcholovej stanici za oknom.,"Standard level 2: where to look (place or person), never the item combination or the action"
M12,F05,hint.nudge.F05,nudge,Chopok pri Rotunde,Panel normalizácie,,Telefón použi na panel normalizácie pri Rotunde.,"Standard+Hard level 1: a nudge in Adam's voice (what is missing / who might know); only people, places and items the player already met before this step in every legal order"
M12,F05,hint.where.F05,where,Chopok pri Rotunde,Panel normalizácie,,Telefón použi na panel normalizácie pri Rotunde.,"Standard level 2: where to look (place or person), never the item combination or the action"
M12,F06,hint.nudge.F06,nudge,Servisný pavilón výstavy Atlas,Servisný terminál,,Lokálnu zvukovú čítačku použi na servisný terminál v pavilóne Atlasu.,"Standard+Hard level 1: a nudge in Adam's voice (what is missing / who might know); only people, places and items the player already met before this step in every legal order"
M12,F06,hint.where.F06,where,Servisný pavilón výstavy Atlas,Servisný terminál,,Lokálnu zvukovú čítačku použi na servisný terminál v pavilóne Atlasu.,"Standard level 2: where to look (place or person), never the item combination or the action"
M13,F07,hint.nudge.F07,nudge,Chodník pri Vrbickom plese,Pasívny stojan pri chodníku,,Prenosný chronometer ZVON použi na pasívny stojan pri chodníku pri Vrbickom plese.,"Standard+Hard level 1: a nudge in Adam's voice (what is missing / who might know); only people, places and items the player already met before this step in every legal order"
M13,F07,hint.where.F07,where,Chodník pri Vrbickom plese,Pasívny stojan pri chodníku,,Prenosný chronometer ZVON použi na pasívny stojan pri chodníku pri Vrbickom plese.,"Standard level 2: where to look (place or person), never the item combination or the action"
M13,F08,hint.nudge.F08,nudge,Servisný pavilón výstavy Atlas,Servisný terminál,,Miestnu referenčnú stopu použi na servisný terminál v pavilóne Atlasu.,"Standard+Hard level 1: a nudge in Adam's voice (what is missing / who might know); only people, places and items the player already met before this step in every legal order"
M13,F08,hint.where.F08,where,Servisný pavilón výstavy Atlas,Servisný terminál,,Miestnu referenčnú stopu použi na servisný terminál v pavilóne Atlasu.,"Standard level 2: where to look (place or person), never the item combination or the action"
M13,J05,hint.nudge.J05,nudge,Vyhliadková terasa pri Rotunde,Oddelený návratový konektor Atlasu,,Zachovaný návratový mostík použi na oddelený návratový konektor Atlasu na vyhliadkovej terase.,"Standard+Hard level 1: a nudge in Adam's voice (what is missing / who might know); only people, places and items the player already met before this step in every legal order"
M13,J05,hint.where.J05,where,Vyhliadková terasa pri Rotunde,Oddelený návratový konektor Atlasu,,Zachovaný návratový mostík použi na oddelený návratový konektor Atlasu na vyhliadkovej terase.,"Standard level 2: where to look (place or person), never the item combination or the action"
M13,F09,hint.nudge.F09,nudge,Vyhliadková terasa pri Rotunde,Prepínač zápisu,,Na vyhliadkovej terase prepni prepínač zápisu na MONITOR.,"Standard+Hard level 1: a nudge in Adam's voice (what is missing / who might know); only people, places and items the player already met before this step in every legal order"
M13,F09,hint.where.F09,where,Vyhliadková terasa pri Rotunde,Prepínač zápisu,,Na vyhliadkovej terase prepni prepínač zápisu na MONITOR.,"Standard level 2: where to look (place or person), never the item combination or the action"
M13,F10,hint.nudge.F10,nudge,Servisný pavilón výstavy Atlas,Servisný terminál,,V servisnom pavilóne potvrď na servisnom termináli vstup do chronokomory.,"Standard+Hard level 1: a nudge in Adam's voice (what is missing / who might know); only people, places and items the player already met before this step in every legal order"
M13,F10,hint.where.F10,where,Servisný pavilón výstavy Atlas,Servisný terminál,,V servisnom pavilóne potvrď na servisnom termináli vstup do chronokomory.,"Standard level 2: where to look (place or person), never the item combination or the action"
M14,F11,hint.nudge.F11,nudge,Chronokomora pavilónu Atlas,Viktor Korman,,Leinu nezmenenú hlasovú správu použi na Viktora v chronokomore.,"Standard+Hard level 1: a nudge in Adam's voice (what is missing / who might know); only people, places and items the player already met before this step in every legal order"
M14,F11,hint.where.F11,where,Chronokomora pavilónu Atlas,Viktor Korman,,Leinu nezmenenú hlasovú správu použi na Viktora v chronokomore.,"Standard level 2: where to look (place or person), never the item combination or the action"
M15,F12,hint.nudge.F12,nudge,Chronokomora pavilónu Atlas,Port Pôvod,,Overený odtlačok z roku 1962 vlož do portu Pôvod.,"Standard+Hard level 1: a nudge in Adam's voice (what is missing / who might know); only people, places and items the player already met before this step in every legal order"
M15,F12,hint.where.F12,where,Chronokomora pavilónu Atlas,Port Pôvod,,Overený odtlačok z roku 1962 vlož do portu Pôvod.,"Standard level 2: where to look (place or person), never the item combination or the action"
M15,F13,hint.nudge.F13,nudge,Chronokomora pavilónu Atlas,Port Hlas,,Pôvodnú školskú kazetu vlož do portu Hlas.,"Standard+Hard level 1: a nudge in Adam's voice (what is missing / who might know); only people, places and items the player already met before this step in every legal order"
M15,F13,hint.where.F13,where,Chronokomora pavilónu Atlas,Port Hlas,,Pôvodnú školskú kazetu vlož do portu Hlas.,"Standard level 2: where to look (place or person), never the item combination or the action"
M15,F14,hint.nudge.F14,nudge,Chronokomora pavilónu Atlas,Port Súhlas,,Potvrdené odovzdanie 2020 vlož do portu Súhlas.,"Standard+Hard level 1: a nudge in Adam's voice (what is missing / who might know); only people, places and items the player already met before this step in every legal order"
M15,F14,hint.where.F14,where,Chronokomora pavilónu Atlas,Port Súhlas,,Potvrdené odovzdanie 2020 vlož do portu Súhlas.,"Standard level 2: where to look (place or person), never the item combination or the action"
M15,F15,hint.nudge.F15,nudge,Chronokomora pavilónu Atlas,Port Návrat,,Podpísaný obnovovací postup vlož do portu Návrat.,"Standard+Hard level 1: a nudge in Adam's voice (what is missing / who might know); only people, places and items the player already met before this step in every legal order"
M15,F15,hint.where.F15,where,Chronokomora pavilónu Atlas,Port Návrat,,Podpísaný obnovovací postup vlož do portu Návrat.,"Standard level 2: where to look (place or person), never the item combination or the action"
M15,F16,hint.nudge.F16,nudge,Chronokomora pavilónu Atlas,Panel obnovy,P04,"Na paneli obnovy priraď roky: Pôvod 1962, Hlas 1995, Súhlas 2020, Návrat 2035.","Standard+Hard level 1: a nudge in Adam's voice (what is missing / who might know); only people, places and items the player already met before this step in every legal order; puzzle step: Standard only (Hard gives no puzzle help)"
M15,F16,hint.where.F16,where,Chronokomora pavilónu Atlas,Panel obnovy,P04,"Na paneli obnovy priraď roky: Pôvod 1962, Hlas 1995, Súhlas 2020, Návrat 2035.",Standard level 2 for a PUZZLE step: explain the rule of P04 without filling in or naming the answer
M15,F17,hint.nudge.F17,nudge,Chronokomora pavilónu Atlas,Panel obnovy,,Na paneli obnovy potvrď obnovu záznamov.,"Standard+Hard level 1: a nudge in Adam's voice (what is missing / who might know); only people, places and items the player already met before this step in every legal order"
M15,F17,hint.where.F17,where,Chronokomora pavilónu Atlas,Panel obnovy,,Na paneli obnovy potvrď obnovu záznamov.,"Standard level 2: where to look (place or person), never the item combination or the action"
Q1,Q1A,hint.nudge.Q1A,nudge,Ulica medzi plotmi,Lenka Bartošová,,Na ulici medzi plotmi sa s Lenkou porozprávaj o téme „Čo je s Bodkom?“,"Standard+Hard level 1: a nudge in Adam's voice (what is missing / who might know); only people, places and items the player already met before this step in every legal order"
Q1,Q1A,hint.where.Q1A,where,Ulica medzi plotmi,Lenka Bartošová,,Na ulici medzi plotmi sa s Lenkou porozprávaj o téme „Čo je s Bodkom?“,"Standard level 2: where to look (place or person), never the item combination or the action"
Q1,Q1B,hint.nudge.Q1B,nudge,Chodník pri retenčnej nádrži,Červená loptička,,Pri retenčnej nádrži vezmi červenú loptičku.,"Standard+Hard level 1: a nudge in Adam's voice (what is missing / who might know); only people, places and items the player already met before this step in every legal order"
Q1,Q1B,hint.where.Q1B,where,Chodník pri retenčnej nádrži,Červená loptička,,Pri retenčnej nádrži vezmi červenú loptičku.,"Standard level 2: where to look (place or person), never the item combination or the action"
Q1,Q1C,hint.nudge.Q1C,nudge,Ulica medzi plotmi,Lenka Bartošová,,Bodkovu loptičku použi na Lenku na ulici medzi plotmi.,"Standard+Hard level 1: a nudge in Adam's voice (what is missing / who might know); only people, places and items the player already met before this step in every legal order"
Q1,Q1C,hint.where.Q1C,where,Ulica medzi plotmi,Lenka Bartošová,,Bodkovu loptičku použi na Lenku na ulici medzi plotmi.,"Standard level 2: where to look (place or person), never the item combination or the action"
Q2,Q2A,hint.nudge.Q2A,nudge,Čierna Voda pri výveske,Jozef Mlynár,,Pri výveske v Čiernej Vode sa s pánom Jozefom porozprávaj o téme „Pomôcť vám s oznamom?“,"Standard+Hard level 1: a nudge in Adam's voice (what is missing / who might know); only people, places and items the player already met before this step in every legal order"
Q2,Q2A,hint.where.Q2A,where,Čierna Voda pri výveske,Jozef Mlynár,,Pri výveske v Čiernej Vode sa s pánom Jozefom porozprávaj o téme „Pomôcť vám s oznamom?“,"Standard level 2: where to look (place or person), never the item combination or the action"
Q2,Q2B,hint.nudge.Q2B,nudge,Lúčny koník – výdajné miesto,Ela Švecová,,Na výdajnom mieste sa s Elou porozprávaj o téme „Máš oznam veľkým písmom?“,"Standard+Hard level 1: a nudge in Adam's voice (what is missing / who might know); only people, places and items the player already met before this step in every legal order"
Q2,Q2B,hint.where.Q2B,where,Lúčny koník – výdajné miesto,Ela Švecová,,Na výdajnom mieste sa s Elou porozprávaj o téme „Máš oznam veľkým písmom?“,"Standard level 2: where to look (place or person), never the item combination or the action"
Q2,Q2C,hint.nudge.Q2C,nudge,Čierna Voda pri výveske,Komunitná výveska,,Veľký čitateľný oznam použi na komunitnú vývesku v Čiernej Vode.,"Standard+Hard level 1: a nudge in Adam's voice (what is missing / who might know); only people, places and items the player already met before this step in every legal order"
Q2,Q2C,hint.where.Q2C,where,Čierna Voda pri výveske,Komunitná výveska,,Veľký čitateľný oznam použi na komunitnú vývesku v Čiernej Vode.,"Standard level 2: where to look (place or person), never the item combination or the action"
Q3,Q3A,hint.nudge.Q3A,nudge,Školský dvor,Soňa Urbanová,,Na školskom dvore sa so Soňou porozprávaj o téme „Hľadáš nejakú fotografiu?“,"Standard+Hard level 1: a nudge in Adam's voice (what is missing / who might know); only people, places and items the player already met before this step in every legal order"
Q3,Q3A,hint.where.Q3A,where,Školský dvor,Soňa Urbanová,,Na školskom dvore sa so Soňou porozprávaj o téme „Hľadáš nejakú fotografiu?“,"Standard level 2: where to look (place or person), never the item combination or the action"
Q3,Q3B,hint.nudge.Q3B,nudge,Sídliskový dvor s kioskom,Zita Ondrušová,,Pri kiosku sa so Zitou porozprávaj o téme „Máte obálku pre školu?“,"Standard+Hard level 1: a nudge in Adam's voice (what is missing / who might know); only people, places and items the player already met before this step in every legal order"
Q3,Q3B,hint.where.Q3B,where,Sídliskový dvor s kioskom,Zita Ondrušová,,Pri kiosku sa so Zitou porozprávaj o téme „Máte obálku pre školu?“,"Standard level 2: where to look (place or person), never the item combination or the action"
Q3,Q3C,hint.nudge.Q3C,nudge,Fotoateliér Svetlo,Alena Svobodová,,Obálku s tímovým negatívom použi na Alenu vo fotoateliéri Svetlo.,"Standard+Hard level 1: a nudge in Adam's voice (what is missing / who might know); only people, places and items the player already met before this step in every legal order"
Q3,Q3C,hint.where.Q3C,where,Fotoateliér Svetlo,Alena Svobodová,,Obálku s tímovým negatívom použi na Alenu vo fotoateliéri Svetlo.,"Standard level 2: where to look (place or person), never the item combination or the action"
Q3,Q3D,hint.nudge.Q3D,nudge,Školský dvor,Soňa Urbanová,,Fotografiu družstva použi na Soňu na školskom dvore.,"Standard+Hard level 1: a nudge in Adam's voice (what is missing / who might know); only people, places and items the player already met before this step in every legal order"
Q3,Q3D,hint.where.Q3D,where,Školský dvor,Soňa Urbanová,,Fotografiu družstva použi na Soňu na školskom dvore.,"Standard level 2: where to look (place or person), never the item combination or the action"
Q4,Q4A,hint.nudge.Q4A,nudge,Karloveské nástupište,Emil Belan,,Na Karloveskom nástupišti sa s Emilom porozprávaj o téme „Prečo tá melódia nekončí?“,"Standard+Hard level 1: a nudge in Adam's voice (what is missing / who might know); only people, places and items the player already met before this step in every legal order"
Q4,Q4A,hint.where.Q4A,where,Karloveské nástupište,Emil Belan,,Na Karloveskom nástupišti sa s Emilom porozprávaj o téme „Prečo tá melódia nekončí?“,"Standard level 2: where to look (place or person), never the item combination or the action"
Q4,Q4B,hint.nudge.Q4B,nudge,Antikvariát Pod druhou rukou,Viera Holubová,,V antikvariáte sa s Vierou porozprávaj o téme „Máte Emilove noty?“,"Standard+Hard level 1: a nudge in Adam's voice (what is missing / who might know); only people, places and items the player already met before this step in every legal order"
Q4,Q4B,hint.where.Q4B,where,Antikvariát Pod druhou rukou,Viera Holubová,,V antikvariáte sa s Vierou porozprávaj o téme „Máte Emilove noty?“,"Standard level 2: where to look (place or person), never the item combination or the action"
Q4,Q4C,hint.nudge.Q4C,nudge,Karloveské nástupište,Emil Belan,,Noty k Emilovej skladbe použi na Emila na Karloveskom nástupišti.,"Standard+Hard level 1: a nudge in Adam's voice (what is missing / who might know); only people, places and items the player already met before this step in every legal order"
Q4,Q4C,hint.where.Q4C,where,Karloveské nástupište,Emil Belan,,Noty k Emilovej skladbe použi na Emila na Karloveskom nástupišti.,"Standard level 2: where to look (place or person), never the item combination or the action"
Q5,Q5A,hint.nudge.Q5A,nudge,Petržalský podchod,Juraj Križan,,V petržalskom podchode sa s Jurajom porozprávaj o téme „Čo chýba mape svetiel?“,"Standard+Hard level 1: a nudge in Adam's voice (what is missing / who might know); only people, places and items the player already met before this step in every legal order"
Q5,Q5A,hint.where.Q5A,where,Petržalský podchod,Juraj Križan,,V petržalskom podchode sa s Jurajom porozprávaj o téme „Čo chýba mape svetiel?“,"Standard level 2: where to look (place or person), never the item combination or the action"
Q5,Q5B,hint.nudge.Q5B,nudge,Školská vstupná chodba,Anton Farkaš,,"Keď ťa školník zapíše ako návštevu, porozprávaj sa s Tónom vo vstupnej chodbe o téme „Kúsok kriedy na panel?“","Standard+Hard level 1: a nudge in Adam's voice (what is missing / who might know); only people, places and items the player already met before this step in every legal order"
Q5,Q5B,hint.where.Q5B,where,Školská vstupná chodba,Anton Farkaš,,"Keď ťa školník zapíše ako návštevu, porozprávaj sa s Tónom vo vstupnej chodbe o téme „Kúsok kriedy na panel?“","Standard level 2: where to look (place or person), never the item combination or the action"
Q5,Q5C,hint.nudge.Q5C,nudge,Petržalský podchod,Povolený výtvarný panel,,Bielu školskú kriedu použi na povolený výtvarný panel v podchode.,"Standard+Hard level 1: a nudge in Adam's voice (what is missing / who might know); only people, places and items the player already met before this step in every legal order"
Q5,Q5C,hint.where.Q5C,where,Petržalský podchod,Povolený výtvarný panel,,Bielu školskú kriedu použi na povolený výtvarný panel v podchode.,"Standard level 2: where to look (place or person), never the item combination or the action"
Q6,Q6A,hint.nudge.Q6A,nudge,Pošta s prepážkou,Alojz Baran,,Na pošte sa s Alojzom porozprávaj o téme „Kde je váš holub?“,"Standard+Hard level 1: a nudge in Adam's voice (what is missing / who might know); only people, places and items the player already met before this step in every legal order"
Q6,Q6A,hint.where.Q6A,where,Pošta s prepážkou,Alojz Baran,,Na pošte sa s Alojzom porozprávaj o téme „Kde je váš holub?“,"Standard level 2: where to look (place or person), never the item combination or the action"
Q6,Q6B,hint.nudge.Q6B,nudge,Dvor hospodárskej dielne,Štefan Haluška,,Na dvore dielne sa so Štefanom porozprávaj o téme „Krmivo pre Bélu“.,"Standard+Hard level 1: a nudge in Adam's voice (what is missing / who might know); only people, places and items the player already met before this step in every legal order"
Q6,Q6B,hint.where.Q6B,where,Dvor hospodárskej dielne,Štefan Haluška,,Na dvore dielne sa so Štefanom porozprávaj o téme „Krmivo pre Bélu“.,"Standard level 2: where to look (place or person), never the item combination or the action"
Q6,Q6C,hint.nudge.Q6C,nudge,Park pri kaštieli,Poštový holub,,Hrsť semien pre Bélu použi na poštového holuba v parku pri kaštieli.,"Standard+Hard level 1: a nudge in Adam's voice (what is missing / who might know); only people, places and items the player already met before this step in every legal order"
Q6,Q6C,hint.where.Q6C,where,Park pri kaštieli,Poštový holub,,Hrsť semien pre Bélu použi na poštového holuba v parku pri kaštieli.,"Standard level 2: where to look (place or person), never the item combination or the action"
Q6,Q6D,hint.nudge.Q6D,nudge,Pošta s prepážkou,Alojz Baran,,Na pošte sa znova porozprávaj s Alojzom o téme „Bélov návrat“.,"Standard+Hard level 1: a nudge in Adam's voice (what is missing / who might know); only people, places and items the player already met before this step in every legal order"
Q6,Q6D,hint.where.Q6D,where,Pošta s prepážkou,Alojz Baran,,Na pošte sa znova porozprávaj s Alojzom o téme „Bélov návrat“.,"Standard level 2: where to look (place or person), never the item combination or the action"
Q7,Q7A,hint.nudge.Q7A,nudge,Kultúrna sála pred skúškou,Rudolf Pavlík,,V kultúrnej sále sa s Rudom porozprávaj o téme „Môžem pomôcť so scenárom?“,"Standard+Hard level 1: a nudge in Adam's voice (what is missing / who might know); only people, places and items the player already met before this step in every legal order"
Q7,Q7A,hint.where.Q7A,where,Kultúrna sála pred skúškou,Rudolf Pavlík,,V kultúrnej sále sa s Rudom porozprávaj o téme „Môžem pomôcť so scenárom?“,"Standard level 2: where to look (place or person), never the item combination or the action"
Q7,Q7B,hint.nudge.Q7B,nudge,Povala technického archívu,Ochotnícky scenár,,Na povale technického archívu vezmi ochotnícky scenár.,"Standard+Hard level 1: a nudge in Adam's voice (what is missing / who might know); only people, places and items the player already met before this step in every legal order"
Q7,Q7B,hint.where.Q7B,where,Povala technického archívu,Ochotnícky scenár,,Na povale technického archívu vezmi ochotnícky scenár.,"Standard level 2: where to look (place or person), never the item combination or the action"
Q7,Q7C,hint.nudge.Q7C,nudge,Kultúrna sála pred skúškou,Rudolf Pavlík,,Rudov scenár použi na Ruda v kultúrnej sále.,"Standard+Hard level 1: a nudge in Adam's voice (what is missing / who might know); only people, places and items the player already met before this step in every legal order"
Q7,Q7C,hint.where.Q7C,where,Kultúrna sála pred skúškou,Rudolf Pavlík,,Rudov scenár použi na Ruda v kultúrnej sále.,"Standard level 2: where to look (place or person), never the item combination or the action"
Q8,Q8A,hint.nudge.Q8A,nudge,Biela Púť pri dolnej stanici,Doručovací robot Očko,,Pri dolnej stanici sa s Očkom porozprávaj o téme „Kam máte doručiť balík?“,"Standard+Hard level 1: a nudge in Adam's voice (what is missing / who might know); only people, places and items the player already met before this step in every legal order"
Q8,Q8A,hint.where.Q8A,where,Biela Púť pri dolnej stanici,Doručovací robot Očko,,Pri dolnej stanici sa s Očkom porozprávaj o téme „Kam máte doručiť balík?“,"Standard level 2: where to look (place or person), never the item combination or the action"
Q8,Q8B,hint.nudge.Q8B,nudge,Chodník pri Vrbickom plese,Lavička so psom,,Pri Vrbickom plese si prezri lavičku so psom.,"Standard+Hard level 1: a nudge in Adam's voice (what is missing / who might know); only people, places and items the player already met before this step in every legal order"
Q8,Q8B,hint.where.Q8B,where,Chodník pri Vrbickom plese,Lavička so psom,,Pri Vrbickom plese si prezri lavičku so psom.,"Standard level 2: where to look (place or person), never the item combination or the action"
Q8,Q8C,hint.nudge.Q8C,nudge,Lobby hotela Grand Jasná,Tamara Kráľová,,Očkovu doručovaciu požiadavku použi na Tamaru v lobby hotela Grand Jasná.,"Standard+Hard level 1: a nudge in Adam's voice (what is missing / who might know); only people, places and items the player already met before this step in every legal order"
Q8,Q8C,hint.where.Q8C,where,Lobby hotela Grand Jasná,Tamara Kráľová,,Očkovu doručovaciu požiadavku použi na Tamaru v lobby hotela Grand Jasná.,"Standard level 2: where to look (place or person), never the item combination or the action"
Q8,Q8D,hint.nudge.Q8D,nudge,Biela Púť pri dolnej stanici,Doručovací robot Očko,,Potvrdenie opravovne použi na Očka pri dolnej stanici.,"Standard+Hard level 1: a nudge in Adam's voice (what is missing / who might know); only people, places and items the player already met before this step in every legal order"
Q8,Q8D,hint.where.Q8D,where,Biela Púť pri dolnej stanici,Doručovací robot Očko,,Potvrdenie opravovne použi na Očka pri dolnej stanici.,"Standard level 2: where to look (place or person), never the item combination or the action"
Q9,Q9A,hint.nudge.Q9A,nudge,Trieda pred technickou výstavkou v roku 1982,Jana Vargová,,V triede pred výstavkou v roku 1982 sa s Janou porozprávaj o téme „Janin vlastný návrh“.,"Standard+Hard level 1: a nudge in Adam's voice (what is missing / who might know); only people, places and items the player already met before this step in every legal order"
Q9,Q9A,hint.where.Q9A,where,Trieda pred technickou výstavkou v roku 1982,Jana Vargová,,V triede pred výstavkou v roku 1982 sa s Janou porozprávaj o téme „Janin vlastný návrh“.,"Standard level 2: where to look (place or person), never the item combination or the action"
Q9,Q9B,hint.nudge.Q9B,nudge,Trieda pred technickou výstavkou v roku 1982,Učiteľ Dobrovič,,Janinu pôvodnú schému použi na učiteľa Dobroviča.,"Standard+Hard level 1: a nudge in Adam's voice (what is missing / who might know); only people, places and items the player already met before this step in every legal order"
Q9,Q9B,hint.where.Q9B,where,Trieda pred technickou výstavkou v roku 1982,Učiteľ Dobrovič,,Janinu pôvodnú schému použi na učiteľa Dobroviča.,"Standard level 2: where to look (place or person), never the item combination or the action"
Q9,Q9C,hint.nudge.Q9C,nudge,Trieda pred technickou výstavkou v roku 1982,Jana Vargová,,Schému s povolením na výstavku použi na Janu.,"Standard+Hard level 1: a nudge in Adam's voice (what is missing / who might know); only people, places and items the player already met before this step in every legal order"
Q9,Q9C,hint.where.Q9C,where,Trieda pred technickou výstavkou v roku 1982,Jana Vargová,,Schému s povolením na výstavku použi na Janu.,"Standard level 2: where to look (place or person), never the item combination or the action"
Q9,Q9D,hint.nudge.Q9D,nudge,Fyzikálny kabinet,Jana Vargová,,Vo fyzikálnom kabinete v roku 1995 sa s Janou porozprávaj o téme „Čo bolo s vašou schémou?“,"Standard+Hard level 1: a nudge in Adam's voice (what is missing / who might know); only people, places and items the player already met before this step in every legal order"
Q9,Q9D,hint.where.Q9D,where,Fyzikálny kabinet,Jana Vargová,,Vo fyzikálnom kabinete v roku 1995 sa s Janou porozprávaj o téme „Čo bolo s vašou schémou?“,"Standard level 2: where to look (place or person), never the item combination or the action"
Q9,Q9E,hint.nudge.Q9E,nudge,Fyzikálny kabinet v roku 2020,Jana Vargová,,Vo fyzikálnom kabinete v roku 2020 sa s Janou porozprávaj o téme „Čo robíte s notebookmi?“,"Standard+Hard level 1: a nudge in Adam's voice (what is missing / who might know); only people, places and items the player already met before this step in every legal order"
Q9,Q9E,hint.where.Q9E,where,Fyzikálny kabinet v roku 2020,Jana Vargová,,Vo fyzikálnom kabinete v roku 2020 sa s Janou porozprávaj o téme „Čo robíte s notebookmi?“,"Standard level 2: where to look (place or person), never the item combination or the action"
Q9,Q9F,hint.nudge.Q9F,nudge,Výstavný salón hotela Grand Jasná,Jana Vargová,,"Vo výstavnom salóne hotela Grand Jasná sa s Janou porozprávaj o téme „Jana, čo je s vašou schémou?“","Standard+Hard level 1: a nudge in Adam's voice (what is missing / who might know); only people, places and items the player already met before this step in every legal order"
Q9,Q9F,hint.where.Q9F,where,Výstavný salón hotela Grand Jasná,Jana Vargová,,"Vo výstavnom salóne hotela Grand Jasná sa s Janou porozprávaj o téme „Jana, čo je s vašou schémou?“","Standard level 2: where to look (place or person), never the item combination or the action"
Q10,Q10A,hint.nudge.Q10A,nudge,Park pri kaštieli,Zuzana,,"Porozprávaj sa so Zuzanou v parku o zvončeku, ktorý nezvoní.","Standard+Hard level 1: a nudge in Adam's voice (what is missing / who might know); only people, places and items the player already met before this step in every legal order"
Q10,Q10A,hint.where.Q10A,where,Park pri kaštieli,Zuzana,,"Porozprávaj sa so Zuzanou v parku o zvončeku, ktorý nezvoní.","Standard level 2: where to look (place or person), never the item combination or the action"
Q10,Q10B,hint.nudge.Q10B,nudge,Dvor hospodárskej dielne,Štefan Haluška,,Zuzanin lístok podaj Štefanovi na dvore dielne.,"Standard+Hard level 1: a nudge in Adam's voice (what is missing / who might know); only people, places and items the player already met before this step in every legal order"
Q10,Q10B,hint.where.Q10B,where,Dvor hospodárskej dielne,Štefan Haluška,,Zuzanin lístok podaj Štefanovi na dvore dielne.,"Standard level 2: where to look (place or person), never the item combination or the action"
Q10,Q10C,hint.nudge.Q10C,nudge,(bag),,,V brašni spoj kožený odrezok s triednym zvončekom.,"Standard+Hard level 1: a nudge in Adam's voice (what is missing / who might know); only people, places and items the player already met before this step in every legal order"
Q10,Q10C,hint.where.Q10C,where,(bag),,,V brašni spoj kožený odrezok s triednym zvončekom.,"Standard level 2: where to look (place or person), never the item combination or the action; bag step: say it happens in the bag without naming the two items"
Q10,Q10D,hint.nudge.Q10D,nudge,Park pri kaštieli,Zuzana,,Opravený zvonček použi na Zuzanu v parku.,"Standard+Hard level 1: a nudge in Adam's voice (what is missing / who might know); only people, places and items the player already met before this step in every legal order"
Q10,Q10D,hint.where.Q10D,where,Park pri kaštieli,Zuzana,,Opravený zvonček použi na Zuzanu v parku.,"Standard level 2: where to look (place or person), never the item combination or the action"
Q11,Q11A,hint.nudge.Q11A,nudge,Sokolíkovský dvor,Kubo,,V Sokolíkovskom dvore sa porozprávaj s Kubom o zvončeku na bicykli.,"Standard+Hard level 1: a nudge in Adam's voice (what is missing / who might know); only people, places and items the player already met before this step in every legal order"
Q11,Q11A,hint.where.Q11A,where,Sokolíkovský dvor,Kubo,,V Sokolíkovskom dvore sa porozprávaj s Kubom o zvončeku na bicykli.,"Standard level 2: where to look (place or person), never the item combination or the action"
Q11,Q11B,hint.nudge.Q11B,nudge,Sokolíkovský dvor,Modrý smrek,,Pohľadaj vrchnák zvončeka pod modrým smrekom v Sokolíkovskom dvore.,"Standard+Hard level 1: a nudge in Adam's voice (what is missing / who might know); only people, places and items the player already met before this step in every legal order"
Q11,Q11B,hint.where.Q11B,where,Sokolíkovský dvor,Modrý smrek,,Pohľadaj vrchnák zvončeka pod modrým smrekom v Sokolíkovskom dvore.,"Standard level 2: where to look (place or person), never the item combination or the action"
Q11,Q11C,hint.nudge.Q11C,nudge,Sokolíkovský dvor,Kubov bicykel,,Vrchnák zvončeka použi na Kubov bicykel.,"Standard+Hard level 1: a nudge in Adam's voice (what is missing / who might know); only people, places and items the player already met before this step in every legal order"
Q11,Q11C,hint.where.Q11C,where,Sokolíkovský dvor,Kubov bicykel,,Vrchnák zvončeka použi na Kubov bicykel.,"Standard level 2: where to look (place or person), never the item combination or the action"
