keys,sk_current,kind,speaker
action.B01.label,Prečítať oznam krúžku,label,
action.B01.001,"Magnetofón neprehráva, pomoc opravára vítaná. Aspoň tu má môj príchod pracovnú náplň.",line,ADAM
action.B01.002,Najprv sa ohlásim školníkovi.,line,ADAM
action.B01.objective,Ukáž školníkovi prístroj s označením školského krúžku.,goal,
action.B01.journal,Ukáž školníkovi prístroj s označením školského krúžku.,goal,
action.B02.label,Ukázať prístroj zo školského krúžku,label,
action.B02.001,Prišiel som pomôcť s týmto a s magnetofónom. Na nástenke som videl oznam.,line,ADAM
action.B02.002,"Mirin prístroj. Tak sa zapíš: meno, návšteva krúžku. Kabinet vám otvorím.",line,TONO
action.B02.003,Adam Hruška.,line,ADAM
action.B02.004,Máme tu malého s tým menom.,line,TONO
action.B02.005,Rodinná tradícia.,line,ADAM
action.B02.objective,Porozprávaj sa s Mirou v triede krúžku.,goal,
action.B02.journal,Porozprávaj sa s Mirou v triede krúžku.,goal,
action.B03.label,Vysvetliť problém s chronometrom,label,
action.B03.001,Ten prístroj ukázal váš rok. A z fotografie mizne vaše meno.,line,ADAM
action.B03.002,"Tak niekto pripojil spätný zápis. Najprv zachránime pôvodný hlas, potom nájdeme prvú kalibráciu.",line,MIRA95
action.B03.003,Čo potrebujeme?,line,ADAM
action.B03.004,Kazetu z rozhlasu a mapu uzlov zo študovne v centre. Tu je moje poverenie. Kópie môžeš vziať.,line,MIRA95
action.B03.005,My zatiaľ zostaneme s deťmi. Opravy nechajme dospelým.,line,LEA95
action.B03.006,Aspoň jednému zo mňa sa dnes ujde voľno.,line,ADAM
action.B03.objective,Dva ciele: obnov školskú kazetu a zostav mapu meracích uzlov.,goal,
action.B03.journal,Dva ciele: obnov školskú kazetu a zostav mapu meracích uzlov.,goal,
action.B04.label,Vybrať poškodený remienok,label,
action.B04.001,Prístroj je odpojený. Povolím kryt a vyberiem remienok.,line,ADAM
action.B04.002,"Rozpadol sa. Pali v Karlovej Vsi mal kedysi na takéto veci celé zásuvky. Dúfam, že už ich má.",line,ADAM
action.B04.objective,Ukáž rozpadnutý remienok Palovi v Karlovej Vsi.,goal,
action.B04.journal,Ukáž rozpadnutý remienok Palovi v Karlovej Vsi.,goal,
action.B05.label,Vybrať náhradný remienok podľa vzoru,label,
action.B05.001,Tento rozmer poznám. Tu máš nový. Starý hodím do odpadu.,line,PALI
action.B05.002,Čo som dlžný?,line,ADAM
action.B05.003,"Keď ide o školu, nech aspoň ten rozhlas hrá.",line,PALI
action.B05.004,Za obsah neručím.,line,ADAM
action.B05.005,To sa v našom odbore nerobí.,line,PALI
action.B05.objective,Namontuj nový remienok do školského magnetofónu.,goal,
action.B05.journal,Namontuj nový remienok do školského magnetofónu.,goal,
action.B06.label,Namontovať remienok a vysunúť kazetu,label,
action.B06.001,Remienok drží. Mechanika sa hýbe a kazeta je vonku.,line,ADAM
action.B06.002,"Pri skúške sú hlasy takmer ticho, hoci páska nie je prázdna. To bude pre Jura z kazetového klubu v Ružinove.",line,ADAM
action.B06.objective,Ukáž rušenú kazetu Jurovi v ružinovskom klube.,goal,
action.B06.journal,Ukáž rušenú kazetu Jurovi v ružinovskom klube.,goal,
action.B07.label,Dať posúdiť rušené zvukové stopy,label,
action.B07.001,"Obsah tam je. Dve stopy idú proti sebe. Mira používala zvláštnu meraciu zostavu, však?",line,JURO
action.B07.002,Slovo zvláštna už mám plné.,line,ADAM
action.B07.003,"Tu je krížový adaptér. Chýba konektor a izolácia. Fero na trhu má konektor, Milada vedľa trhu vhodný návlek.",line,JURO
action.B07.004,Takže hlasy nemusíme vyrobiť znova.,line,ADAM
action.B07.005,Presne. Stačí ich neumlčať zlým zapojením.,line,JURO
action.B07.objective,Získaj konektor na Miletičovej a izolačný návlek u Milady.,goal,
action.B07.journal,Získaj konektor na Miletičovej a izolačný návlek u Milady.,goal,
action.B08.label,Uvoľniť podložku vo váhe,label,
action.B08.001,Zasekla sa mi váha. Klieštikmi by to šlo.,line,FERO
action.B08.002,Vytiahnem len tú podložku z drážky. Hotovo.,line,ADAM
action.B08.003,Za to máš ten dvojpólový konektor. Juro mi o škole hovoril.,line,FERO
action.B08.004,Vaša sieť je rýchlejšia než môj telefón.,line,ADAM
action.B08.objective,Spoj konektor s krížovým adaptérom; zaizoluj Miladiným návlekom.,goal,
action.B08.journal,Spoj konektor s krížovým adaptérom; zaizoluj Miladiným návlekom.,goal,
action.B09.label,Požiadať o izolačnú návlečku,label,
action.B09.001,Potrebujem krátky návlek na zvukový kábel pre školu.,line,ADAM
action.B09.002,"Tu je odrezok technickej textílie, presne na také káble. Najprv zapojiť, až potom obliecť.",line,MILADA
action.B09.003,V bežnom živote mi to odporúčajú opačne.,line,ADAM
action.B09.objective,V inventári spoj konektor s adaptérom a potom pridaj izoláciu.,goal,
action.B09.journal,V inventári spoj konektor s adaptérom a potom pridaj izoláciu.,goal,
action.B10.label,Zapojiť konektor do adaptéra,label,
action.B10.001,"Zhodné značky, kontakty zacvakli. Ešte prikryť vývody.",line,ADAM
action.B10.journal,Dokončené: Zapojiť konektor do adaptéra.,goal,
action.B11.label,Nasunúť izolačný návlek,label,
action.B11.001,"Zakryté, pevné, bez voľných vývodov. Aj kábel sa musí vedieť správať.",line,ADAM
action.B11.objective,Zapoj hotovú prepojku do školského servisného zvukového vstupu.,goal,
action.B11.journal,Zapoj hotovú prepojku do školského servisného zvukového vstupu.,goal,
action.B12.label,Prehrať kazetu cez opravenú prepojku,label,
action.B12.001,Prepojka je v servisnom vstupe. Vkladám kazetu a nastavujem čítanie bez prepisu.,line,ADAM
action.B12.002,Po prehratí ju vrátim do ochranného puzdra chronometra.,line,ADAM
action.B12.objective,Dokonči mapu uzlov; školský hlas je zachovaný.,goal,
action.B12.journal,Dokonči mapu uzlov; školský hlas je zachovaný.,goal,
action.B13.label,Predložiť Mirino poverenie,label,
action.B13.001,Poverenie súhlasí. Tu je kópia mapy a technický negatív uložený pri nej.,line,KAROL
action.B13.002,Mapa má prázdne miesta.,line,ADAM
action.B13.003,Priehľadná vrstva bola kedysi oddelená. Na fotografii bude jej evidenčné číslo. Ateliér je cez námestie.,line,KAROL
action.B13.004,Archívny výskum sa dnes veľmi podobá servisu.,line,ADAM
action.B13.005,"Oboje sa pokazí, keď chýba malý diel.",line,KAROL
action.B13.objective,Daj v ateliéri Svetlo spraviť pozitív technického negatívu.,goal,
action.B13.journal,Daj v ateliéri Svetlo spraviť pozitív technického negatívu.,goal,
action.B14.label,Vyvolať technický negatív,label,
action.B14.001,"Technický záber, nie súkromná fotografia. Mira súhlas potvrdila pri uložení.",line,ALENA
action.B14.002,Potrebujem prečítať označenie na stole.,line,ADAM
action.B14.003,Tu máš pozitív. K-17. Viera z antikvariátu drží mapové prílohy osobitne. Negatív založím späť pre archív.,line,ALENA
action.B14.004,Ďakujem. Toto sa na displeji môjho telefónu vysvetľuje dosť ťažko.,line,ADAM
action.B14.objective,Ukáž fotografiu prílohy K-17 Viere v antikvariáte.,goal,
action.B14.journal,Ukáž fotografiu prílohy K-17 Viere v antikvariáte.,goal,
action.B15.label,Vyžiadať fóliu podľa čísla K-17,label,
action.B15.001,"K-17. Poznám. Mira mi povedala, že si po ňu príde niekto, kto sa spýta presne.",line,VIERA
action.B15.002,Kedy vám to povedala?,line,ADAM
action.B15.003,Pred rokmi. Čas mi tu neúčtujeme zvlášť. Tu je fólia.,line,VIERA
action.B15.004,Tri registračné značky. Dám ju na správne miesto.,line,ADAM
action.B15.objective,V inventári zarovnaj priehľadnú fóliu s mapou.,goal,
action.B15.journal,V inventári zarovnaj priehľadnú fóliu s mapou.,goal,
action.B16.label,Zarovnať fóliu s mapou,label,
action.B16.001,Úplná mapa vedie do Petržalky. Deziderova garáž a merací stojan pri Dunaji.,line,ADAM
action.B16.002,Ten názov garáže sa mi páči. Žiadna skratka pre vesmírny program.,line,ADAM
action.B16.objective,Ukáž úplnú mapu Deziderovi v petržalskej garáži.,goal,
action.B16.journal,Ukáž úplnú mapu Deziderovi v petržalskej garáži.,goal,
action.B17.label,Ukázať úplnú mapu uzlov,label,
action.B17.001,Na nábreží zostal izolovaný merací stojan. Tu máš jeho cievku. Potrebuješ aj nezávislý rytmus.,line,DEZI
action.B17.002,Mechanické hodiny?,line,ADAM
action.B17.003,Emil v Karlovej Vsi má metronóm. A tri číslice nastavenia Mira prekreslila na panel na školskom dvore.,line,DEZI
action.B17.004,Takže sa vraciam na školský dvor úplne dobrovoľne. To si zapíšem.,line,ADAM
action.B17.objective,Požičaj Emilov metronóm a prečítaj rytmický nákres na školskom dvore.,goal,
action.B17.journal,Požičaj Emilov metronóm a prečítaj rytmický nákres na školskom dvore.,goal,
action.B18.label,Požičať si metronóm na meranie,label,
action.B18.001,Dezider potrebuje mechanický rytmus pre Mirino meranie.,line,ADAM
action.B18.002,"Vezmi metronóm. Dezider mi ho vráti, poznáme sa.",line,EMIL
action.B18.003,Zahrám vám za to niekedy budúcnosť.,line,ADAM
action.B18.004,Len ak nebude príliš hlasná.,line,EMIL
action.B18.objective,Na nábrežný stojan nasaď cievku aj metronóm.,goal,
action.B18.journal,Na nábrežný stojan nasaď cievku aj metronóm.,goal,
action.B19.label,Zapísať trojicu kalibračných číslic,label,
action.B19.001,"Tri vlny, dva údery, šesť dielikov. Tri, dva, šesť.",line,ADAM
action.B19.002,Zapíšem to celé. Hádanka na pamäť by teraz bola dosť nevkusná.,line,ADAM
action.B19.objective,Nastavenie meracieho stojana je 3–2–6.,goal,
action.B19.journal,Nastavenie meracieho stojana je 3–2–6.,goal,
action.B20.label,Nasadiť meraciu cievku,label,
action.B20.001,Cievka zapadla do držiaka. Izolovaný obvod je pripravený.,line,ADAM
action.B20.journal,Dokončené: Nasadiť meraciu cievku.,goal,
action.B21.label,Umiestniť mechanický metronóm,label,
action.B21.001,"Metronóm je na stole. Tiká úplne nezávisle od všetkého, čo ma dnes dostalo do problémov.",line,ADAM
action.B21.journal,Dokončené: Umiestniť mechanický metronóm.,goal,
action.B22.label,Nastaviť a odmerať pôvodnú časovú adresu,label,
action.B22.001,"Tri, dva, šesť. Mapa sedí, kazeta drží referenciu.",line,ADAM
action.B22.002,Nová časová adresa uložená.,line,SYSTEM
action.B22.003,"Ivanka. Rok šesťdesiat. Babka to dotiahla ďalej, než rodinné oslavy naznačovali.",line,ADAM
action.B22.004,Presun spustím cez uzlové hodiny na dúbravskej zastávke.,line,ADAM
action.B22.objective,Na časovom uzle vyber Ivanku 1960 a nájdi Ota v mechanickej dielni.,goal,
action.B22.journal,Na časovom uzle vyber Ivanku 1960 a nájdi Ota v mechanickej dielni.,goal,
action.E11.label,Povedať Lastovička sa vracia,label,
action.E11.001,Lastovička sa vracia.,line,ADAM
action.E11.002,Počkaj. To si ty. Dedo mal pravdu. Vôbec si nezostarol.,line,TONO
action.E11.003,Ty si trochu vyrástol.,line,ADAM
action.E11.004,Zostal som pri opravovaní. Sokolíkova potrebovala školníka a ja som poznal každé okno. Ale nebolo to len kvôli tebe.,line,TONO
action.E11.005,To som rád.,line,ADAM
action.E11.006,"Pri oprave lavičky som uchránil dutinu. Tu je nový nákres. Rad dva, stĺpec tri, presne ako ten detský.",line,TONO
action.E11.007,Trinásť rokov.,line,ADAM
action.E11.008,"Pre teba jeden rozhovor. Pre mňa prvá robota, vodičák a dosť zlých účesov.",line,TONO
action.E11.009,Tak si pred ďalším skokom chvíľu sadnime.,line,ADAM
action.E11.objective,Vráť sa na školský dvor 2020 a porovnaj ho s chránenou starou fotografiou.,goal,
action.E11.journal,Vráť sa na školský dvor 2020 a porovnaj ho s chránenou starou fotografiou.,goal,
action.Q3A.label,Ponúknuť pomoc s tímovou fotografiou,label,
action.Q3A.001,Fotka družstva sa stratila medzi ateliérom a kioskom. Zita vraj našla obálku.,line,SONA
action.Q3A.002,Môžem ju vyzdvihnúť a dať do albumu?,line,ADAM
action.Q3A.003,Áno. Pani Lea o tom vie. Len nech je na nej celý tím.,line,SONA
action.Q3A.journal,Dokončené: Ponúknuť pomoc s tímovou fotografiou.,goal,
action.Q3B.label,Vyzdvihnúť školskú obálku,label,
action.Q3B.001,"Soňa posiela? Tu je obálka s negatívom družstva. Alena vie, čo s ňou.",line,ZITA
action.Q3B.002,"Vedeli ste, že prídem?",line,ADAM
action.Q3B.003,"Na sídlisku viem všetko skôr, než sa to poriadne stane.",line,ZITA
action.Q3B.journal,Dokončené: Vyzdvihnúť školskú obálku.,goal,
action.Q3C.label,Vyvolať fotografiu školského družstva,label,
action.Q3C.001,Školská objednávka je schválená aj zaplatená. Tu je kópia pre album. Negatív ostáva v obálke zákazky u mňa.,line,ALENA
action.Q3C.002,Ten chlapec vzadu...,line,ADAM
action.Q3C.003,Pozerá inam. Aspoň vyzerá prirodzene.,line,ALENA
action.Q3C.004,To mu zostalo.,line,ADAM
action.Q3C.journal,Dokončené: Vyvolať fotografiu školského družstva.,goal,
action.Q3D.label,Doplniť fotografiu do tímového albumu,label,
action.Q3D.001,"Sú tam všetci! Aj Adam, čo sa tváril, že na fotenie zabudol.",line,SONA
action.Q3D.002,Určite mal dobrý dôvod.,line,ADAM
action.Q3D.003,Mal zmrzlinu.,line,SONA
action.Q3D.004,Veľmi dobrý dôvod.,line,ADAM
action.Q3D.journal,Dokončené: Doplniť fotografiu do tímového albumu.,goal,
action.Q4A.label,Spýtať sa na nedokončenú melódiu,label,
action.Q4A.001,Štyri zastávky. Vlastná skladba. Posledné takty som dal Viere do knihy a knihu som predal.,line,EMIL
action.Q4A.002,Tak sa spýtam na noty.,line,ADAM
action.Q4A.003,"Povedz názov. Ona si pamätá aj to, čo si ja nespomeniem zahrať.",line,EMIL
action.Q4A.journal,Dokončené: Spýtať sa na nedokončenú melódiu.,goal,
action.Q4B.label,Vyžiadať Emilove stratené noty,label,
action.Q4B.001,Štyri zastávky. Noty som odložila pre autora. Nech sa konečne zastaví aj on.,line,VIERA
action.Q4B.002,Teraz je na nástupišti. To sa technicky počíta.,line,ADAM
action.Q4B.journal,Dokončené: Vyžiadať Emilove stratené noty.,goal,
action.Q4C.label,Vrátiť Emilovi celú melódiu,label,
action.Q4C.001,Takto to išlo. Počúvaj.,line,EMIL
action.Q4C.002,Štyri zastávky. Prvý raz sa pri cestovaní nikam neponáhľam.,line,ADAM
action.Q4C.003,To býva najlepší prestup.,line,EMIL
action.Q4C.journal,Dokončené: Vrátiť Emilovi celú melódiu.,goal,
action.Q5A.label,Ponúknuť kriedu na mapu svetiel,label,
action.Q5A.001,"Potrebujem ešte bielu na okná. Predám to klubovni aj s povolením na panel, ale nemám posledný kúsok.",line,JURAJ
action.Q5A.002,Na škole sa spýtam školníka.,line,ADAM
action.Q5A.003,Nech je to s dovolením. Nechcem mať mural na svedomí aj v knihe strát.,line,JURAJ
action.Q5A.journal,Dokončené: Ponúknuť kriedu na mapu svetiel.,goal,
action.Q5B.label,Vypýtať si kus kriedy na povolený panel,label,
action.Q5B.001,Na komunitný panel? Jeden kus kriedy máme. Tu je.,line,TONO
action.Q5B.002,"Sľubujem, že z toho nebude písomka.",line,ADAM
action.Q5B.003,To by som si už zapísal.,line,TONO
action.Q5B.journal,Dokončené: Vypýtať si kus kriedy na povolený panel.,goal,
action.Q5C.label,Dokresliť svetlá podľa Jurajovej skice,label,
action.Q5C.001,"Sem, sem a tieto dve vedľa seba. Ďakujem.",line,JURAJ
action.Q5C.002,"Vyzerá to ako niečo, kde niekto žije.",line,ADAM
action.Q5C.003,Presne. Nie iba kde niečo stojí.,line,JURAJ
action.Q5C.journal,Dokončené: Dokresliť svetlá podľa Jurajovej skice.,goal,
action.Q9D.label,Spýtať sa na pokračovanie Janinho návrhu,label,
action.Q9D.001,"Na prvej výstavke mi niekto povedal, že odlišný návrh nemusí byť zlý. Odvtedy mám plný zošit. Teraz učím deti zostaviť vlastné rádio.",line,JANA95
action.Q9D.002,Ten zošit ešte porastie.,line,ADAM
action.Q9D.003,"Vy zniete, akoby ste ho už videli.",line,JANA95
action.Q9D.journal,Dokončené: Spýtať sa na pokračovanie Janinho návrhu.,goal,
room.S11.name,Dúbravská zastávka,name,
entry.S11.001,Telefón nemá signál. Zato električka má farbu môjho detstva. To bude vážnejšia porucha.,line,ADAM
hotspot.S11.ambient 1.name,Cestovný poriadok,name,
look.S11.ambient 1,"Všetko je vytlačené. Keď sa zmení čas, cestujúci to zistia osobne.",look,
hotspot.S11.ambient 2.name,Žuvačka pod lavičkou,name,
look.S11.ambient 2,"Archeológia, na ktorú si netrúfam.",look,
exit.S11.to_S12.label,Pred ZŠ Sokolíkova,name,
exit.S11.to_S18.label,Sídliskový dvor s kioskom,name,
exit.S11.to_S19.label,Karloveské nástupište,name,
conn.S11.S12.label,Pred ZŠ Sokolíkova,name,
conn.S11.S18.label,Sídliskový dvor s kioskom,name,
conn.S11.S19.label,Karloveské nástupište,name,
room.S12.name,Pred ZŠ Sokolíkova,name,
entry.S12.001,"Sokolíkova. Ak ma zavolajú k tabuli, budem cestovanie v čase reklamovať.",line,ADAM
hotspot.S12.ambient 1.name,Betónový kvetináč,name,
look.S12.ambient 1,Masívna ochrana pred parkovaním aj optimizmom.,look,
hotspot.S12.ambient 2.name,Školský erb,name,
look.S12.ambient 2,Názov školy drží. Budem to považovať za dobré znamenie.,look,
hotspot.S12.notice.name,Nástenka krúžku,name,
look.S12.notice,Dnes popoludní: Zvukový atlas našej školy. Magnetofón neprehráva. Pomoc opravára vítaná; hlásiť sa u školníka.,look,
exit.S12.to_S11.label,Dúbravská zastávka,name,
exit.S12.to_S13.label,Školská vstupná chodba,name,
exit.S12.to_S17.label,Školský dvor,name,
conn.S12.S13.label,Školská vstupná chodba,name,
conn.S12.S17.label,Školský dvor,name,
room.S13.name,Školská vstupná chodba,name,
entry.S13.001,"Tá vôňa sa nedá zabudnúť. Leštidlo, prezuvky a nevysvetlená písomka.",line,ADAM
hotspot.S13.TONO.name,Anton Farkaš,name,
look.S13.TONO,"Tóno pozná zvuk každých dverí. Aj keď sa za nimi niekto tvári, že tam nie je.",look,
hotspot.S13.ambient 1.name,Prezuvky,name,
look.S13.ambient 1,Obuv na prechod do paralelného školského vesmíru.,look,
hotspot.S13.ambient 2.name,Zväzok kľúčov,name,
look.S13.ambient 2,Tóno má fyzickú podobu prístupových oprávnení.,look,
exit.S13.to_S12.label,Pred ZŠ Sokolíkova,name,
exit.S13.to_S14.label,Trieda pamäťového krúžku,name,
exit.S13.to_S15.label,Fyzikálny kabinet,name,
exit.S13.to_S15.locked,Najprv sa ohlásim u Tóna a ukážem mu prístroj krúžku.,look,
conn.S13.S14.label,Trieda pamäťového krúžku,name,
conn.S13.S15.label,Fyzikálny kabinet,name,
conn.S13.S15.locked,Najprv sa ohlásim u Tóna a ukážem mu prístroj krúžku.,look,
room.S14.name,Trieda pamäťového krúžku,name,
entry.S14.001,Babka má päťdesiatpäť. Ja mám tridsaťpäť. Rodinná hierarchia je našťastie rovnaká.,line,ADAM
hotspot.S14.LEA95.name,Lea Kormanová,name,
look.S14.LEA95,"Učiteľka Lea čaká, kým sa dozvučí nahrávka. Vie nechať ticho dokončiť vetu.",look,
hotspot.S14.MIRA95.name,Mira Hrušková,name,
look.S14.MIRA95,Mira má pred sebou trojicu prístrojov. Žiadny nemá odvahu pokaziť sa nahlas.,look,
hotspot.S14.ambient 1.name,Zelená tabuľa,name,
look.S14.ambient 1,"Pri tejto farbe mám automaticky pocit, že niečo neviem.",look,
hotspot.S14.ambient 2.name,Hubka,name,
look.S14.ambient 2,"Hubka pamätá odpovede, ktoré sa nikdy nedostali do vysvedčenia.",look,
exit.S14.to_S13.label,Školská vstupná chodba,name,
room.S15.name,Fyzikálny kabinet,name,
entry.S15.001,"Kabinet, kde sa nesmelo nič chytať. Dnes je to zrejme jediný spôsob, ako zachrániť svet.",line,ADAM
hotspot.S15.JANA95.name,Jana Vargová,name,
look.S15.JANA95,Jana drží šanón. Podľa zmenenej minulosti v ňom môže mať vlastné schémy.,look,
hotspot.S15.ambient 1.name,Model oka,name,
look.S15.ambient 1,"Pozerá na mňa tak, ako sa na nás pozerala fyzika.",look,
hotspot.S15.ambient 2.name,Sklenený hranol,name,
look.S15.ambient 2,Vie rozložiť svetlo. S rodinnými vzťahmi mu nepomôžem.,look,
hotspot.S15.register.name,Darovací záznam,name,
look.S15.register,Mira škole zapožičala krabicu meraní a magnetofón. Fond v študovni vedie aj mapu uzlov; fotografický negatív je uložený pri nej.,look,
look.S15.register.variant1,"V starom registri pribudol správny pôvod Z-17 z roku 1960. Zmena sa týka dokladu, nie vzniku školy.",look,
exit.S15.to_S13.label,Školská vstupná chodba,name,
exit.S15.to_S13.locked,Najprv sa ohlásim u Tóna a ukážem mu prístroj krúžku.,look,
exit.S15.to_S16.label,Miestnosť školského rozhlasu,name,
exit.S15.to_S16.locked,Najprv sa ohlásim u Tóna a ukážem mu prístroj krúžku.,look,
conn.S15.S16.label,Miestnosť školského rozhlasu,name,
conn.S15.S16.locked,Najprv sa ohlásim u Tóna a ukážem mu prístroj krúžku.,look,
room.S16.name,Miestnosť školského rozhlasu,name,
entry.S16.001,"Školský rozhlas. Miesto, odkiaľ aj dobrá správa znie ako napomenutie.",line,ADAM
hotspot.S16.ambient 1.name,Mikrofón,name,
look.S16.ambient 1,Stačilo doň zakašľať a vedela o tom celá škola.,look,
hotspot.S16.ambient 2.name,Hlásenie jedálne,name,
look.S16.ambient 2,Zajtra buchty. Jediná správa s absolútnou podporou publika.,look,
hotspot.S16.deck.name,Kazetový mechanizmus,name,
look.S16.deck,"Motor ide naprázdno. Remienok sa rozpadol. Pod krytom je kazeta, ktorá sa nedá bezpečne vysunúť.",look,
look.S16.deck.variant1,Mechanika je opravená. Kazeta je bezpečne vybratá; zostáva obnoviť správne čítanie stôp.,look,
hotspot.S16.socket.name,Servisný zvukový vstup,name,
look.S16.socket,Dve stopy sa sčítali proti sebe. Krížový adaptér môže jednu otočiť. Šum nie je to isté ako prázdna páska.,look,
look.S16.socket.variant1,Prepojka zostáva ako súčasť rozhlasu. Pôvodná kazeta je v chronometrom chránenej brašni.,look,
exit.S16.to_S15.label,Fyzikálny kabinet,name,
exit.S16.to_S15.locked,Najprv sa ohlásim u Tóna a ukážem mu prístroj krúžku.,look,
room.S19.name,Karloveské nástupište,name,
entry.S19.001,Pán hrá pomaly. Električky mu robia bicie.,line,ADAM
hotspot.S19.EMIL.name,Emil Belan,name,
look.S19.EMIL,Emil vie držať tempo aj keď mesto nie.,look,
hotspot.S19.ambient 1.name,Puzdro harmoniky,name,
look.S19.ambient 1,Má viac kilometrov než väčšina kufrov.,look,
hotspot.S19.ambient 2.name,Papierový pohár,name,
look.S19.ambient 2,Nápis PRÍSPEVOK NA TICHO je preškrtnutý.,look,
exit.S19.to_S11.label,Dúbravská zastávka,name,
exit.S19.to_S20.label,Palova opravovňa,name,
exit.S19.to_S21.label,Kamenné námestie,name,
conn.S19.S20.label,Palova opravovňa,name,
conn.S19.S21.label,Kamenné námestie,name,
room.S20.name,Palova opravovňa,name,
entry.S20.001,Opravovňa. V deväťdesiatom piatom sa pokazené veci ešte nevolali nový model.,line,ADAM
hotspot.S20.PALI.name,Pavol Drobný,name,
look.S20.PALI,"Pali nepozerá na značku. Počúva, čo vnútri hrkoce.",look,
hotspot.S20.ambient 1.name,Televízor,name,
look.S20.ambient 1,Obrazovka hlboká ako dnešná celá pracovná plocha.,look,
hotspot.S20.ambient 2.name,Ceduľa o opravách,name,
look.S20.ambient 2,NEOPRAVUJEM VZŤAHY. Pali má jasne stanovený rozsah služieb.,look,
exit.S20.to_S19.label,Karloveské nástupište,name,
room.S21.name,Kamenné námestie,name,
entry.S21.001,Centrum. Všetci sa niekam ponáhľajú. Ja jediný meškám o dvadsaťpäť rokov.,line,ADAM
hotspot.S21.ambient 1.name,Holub,name,
look.S21.ambient 1,Staré Mesto má svojho stáleho rezidenta.,look,
hotspot.S21.ambient 2.name,Skladaná mapa,name,
look.S21.ambient 2,"Navigácia, ktorá sa pri výpadku batérie nezľakne.",look,
hotspot.S21.map.name,Mapa mesta,name,
look.S21.map,"Dúbravka a Karlova Ves na západe, Staré Mesto v strede, Ružinov na východe, Petržalka za Dunajom. Presuny hra skracuje.",look,
exit.S21.to_S19.label,Karloveské nástupište,name,
exit.S21.to_S22.label,Antikvariát Pod druhou rukou,name,
exit.S21.to_S23.label,Archívna študovňa,name,
exit.S21.to_S24.label,Fotoateliér Svetlo,name,
exit.S21.to_S25.label,Miletičova medzi stánkami,name,
exit.S21.to_S28.label,Petržalský podchod,name,
conn.S21.S22.label,Antikvariát Pod druhou rukou,name,
conn.S21.S23.label,Archívna študovňa,name,
conn.S21.S24.label,Fotoateliér Svetlo,name,
conn.S21.S25.label,Miletičova medzi stánkami,name,
conn.S21.S28.label,Petržalský podchod,name,
room.S25.name,Miletičova medzi stánkami,name,
entry.S25.001,"Miletička. Miesto, kde nájdem konektor aj otázku, načo mi bude.",line,ADAM
hotspot.S25.TRH.name,Fero Lánik,name,
look.S25.TRH,Fero predáva súčiastky podľa tvaru aj príbehu.,look,
hotspot.S25.ambient 1.name,Petržlen,name,
look.S25.ambient 1,"Jediná vec na trhu, ktorá sa nikdy netvári, že je značková.",look,
hotspot.S25.ambient 2.name,Slnečník,name,
look.S25.ambient 2,"Pamätá viac slnka, než by som mu závidel.",look,
hotspot.S25.scale.name,Zaseknutá stolová váha,name,
look.S25.scale,Vo vodiacej drážke uviazla podložka. Dá sa uvoľniť klieštikmi bez rozoberania meracej časti.,look,
exit.S25.to_S21.label,Kamenné námestie,name,
exit.S25.to_S26.label,Opravovňa odevov,name,
exit.S25.to_S27.label,Kazetový klub v suteréne,name,
conn.S25.S26.label,Opravovňa odevov,name,
conn.S25.S27.label,Kazetový klub v suteréne,name,
room.S27.name,Kazetový klub v suteréne,name,
entry.S27.001,"Klub má tri pravidlá: nekopať do bední, nechytať pásku a nehovoriť, že všetko šumí.",line,ADAM
hotspot.S27.JURO.name,Juraj Malík zvaný Juro Kazeta,name,
look.S27.JURO,"Juro počuje šum a vie, ktorý rok ho vyrobil.",look,
hotspot.S27.ambient 1.name,Plagát kapely,name,
look.S27.ambient 1,Kapela sa rozpadla skôr než lepidlo.,look,
hotspot.S27.ambient 2.name,Puzdro bez kazety,name,
look.S27.ambient 2,Prázdno má aj katalógové číslo.,look,
exit.S27.to_S25.label,Miletičova medzi stánkami,name,
room.S26.name,Opravovňa odevov,name,
entry.S26.001,"Tu sa opravujú aj šaty, aj cudzie odhady vlastnej veľkosti.",line,ADAM
hotspot.S26.MILADA.name,Milada Kyselová,name,
look.S26.MILADA,Milada si meria skôr než sľúbi. Mal by som si z nej brať príklad.,look,
hotspot.S26.ambient 1.name,Figurína,name,
look.S26.ambient 1,Stojí pokojne a nič nechce prešiť. Ideálna zákazníčka.,look,
hotspot.S26.ambient 2.name,Krabica gombíkov,name,
look.S26.ambient 2,Tu by sa dalo viesť veľmi dlhé vyšetrovanie párov.,look,
exit.S26.to_S25.label,Miletičova medzi stánkami,name,
room.S23.name,Archívna študovňa,name,
entry.S23.001,Archív má vlastné tempo. Časostroj sem zrejme neprešiel kolaudáciou.,line,ADAM
hotspot.S23.ARCHIVAR.name,Karol Merta,name,
look.S23.ARCHIVAR,Karol má pre každú škatuľu miesto a pre každé miesto škatuľu.,look,
hotspot.S23.ambient 1.name,Pečiatka,name,
look.S23.ambient 1,Toto je lokálny administračný účet.,look,
hotspot.S23.ambient 2.name,Hodiny,name,
look.S23.ambient 2,Idú o dve minúty pozadu. Archivujú prítomnosť.,look,
exit.S23.to_S21.label,Kamenné námestie,name,
room.S24.name,Fotoateliér Svetlo,name,
entry.S24.001,"Fotografie sa ešte musia vyvolávať. To vysvetľuje, prečo na nich každý vyzerá, že mal čas sa pripraviť.",line,ADAM
hotspot.S24.FOTO.name,Alena Svobodová,name,
look.S24.FOTO,Alena vidí chybu v expozícii skôr než ja chybu vo vlastnom odhade.,look,
hotspot.S24.ambient 1.name,Rodinný portrét,name,
look.S24.ambient 1,Všetci pozerajú inam. Fotograf to nazval prirodzenosť.,look,
hotspot.S24.ambient 2.name,Šnúra na fotky,name,
look.S24.ambient 2,Sociálna sieť v dvoch radoch so štipcami.,look,
exit.S24.to_S21.label,Kamenné námestie,name,
room.S22.name,Antikvariát Pod druhou rukou,name,
entry.S22.001,Tu sa nič nevyhadzuje. Aj cenovky majú historickú hodnotu.,line,ADAM
hotspot.S22.VIERA.name,Viera Holubová,name,
look.S22.VIERA,"Viera vie, na ktorej polici leží vec, ktorú ešte len hľadám.",look,
hotspot.S22.ambient 1.name,Rebrík,name,
look.S22.ambient 1,K vyššej literatúre je tu doslovný prístup.,look,
hotspot.S22.ambient 2.name,Kniha o upratovaní,name,
look.S22.ambient 2,Má na sebe najviac prachu.,look,
exit.S22.to_S21.label,Kamenné námestie,name,
room.S28.name,Petržalský podchod,name,
entry.S28.001,"Podchod. Ak tu niekto zahrá tri tóny, koncert má automaticky ozvenu aj prídavok.",line,ADAM
hotspot.S28.JURAJ.name,Juraj Križan,name,
look.S28.JURAJ,"Juraj kreslí paneláky tak, že na nich vidno domovy.",look,
hotspot.S28.ambient 1.name,Kachličky,name,
look.S28.ambient 1,Každá má trochu inú bielu. Normalizátor by tu skolaboval.,look,
hotspot.S28.ambient 2.name,Skateboard,name,
look.S28.ambient 2,Na dopravu naprieč epochami má príliš malé kolieska.,look,
hotspot.S28.mural.name,Povolený výtvarný panel,name,
look.S28.mural,"Panel patrí klubovni a môže sa naň kresliť kriedou. Juraj má skicu, ale nie bielu kriedu.",look,
look.S28.mural.variant1,Rozsvietené okná spájajú paneláky do susedstva. Vedľa je Jurajov podpis a malá kresba kriedy.,look,
exit.S28.to_S21.label,Kamenné námestie,name,
exit.S28.to_S29.label,Garáž rádioamatéra,name,
exit.S28.to_S30.label,Nábrežný merací prístrešok,name,
conn.S28.S29.label,Garáž rádioamatéra,name,
conn.S28.S30.label,Nábrežný merací prístrešok,name,
room.S29.name,Garáž rádioamatéra,name,
entry.S29.001,"Garáž číslo sedemnásť. Auto chýba, ale mohol by odtiaľto odštartovať satelit.",line,ADAM
hotspot.S29.DEZI.name,Dezider Kováč,name,
look.S29.DEZI,Dezider má pri každom kábli štítok. Mám chuť ho požiadať aj o pomoc s vlastným životom.,look,
hotspot.S29.ambient 1.name,Anténa,name,
look.S29.ambient 1,Dezider sa dovolá ďalej než môj mobil za plnú cenu.,look,
hotspot.S29.ambient 2.name,Stolička,name,
look.S29.ambient 2,Operadlo drží rádiový kábel. Technická a bytová tvorivosť v rovnováhe.,look,
exit.S29.to_S28.label,Petržalský podchod,name,
room.S17.name,Školský dvor,name,
entry.S17.001,V tom okne som asi ja. Našťastie sa práve pozerám opačným smerom. Aj vtedy som mal dobré inštinkty.,line,ADAM
hotspot.S17.SONA.name,Soňa Urbanová,name,
look.S17.SONA,Soňa má album usporiadaný lepšie ako ja účtovníctvo.,look,
hotspot.S17.ambient 1.name,Basketbalový kôš,name,
look.S17.ambient 1,"Sieťka chýba. Body sa aj tak počítajú podľa toho, kto kričí hlasnejšie.",look,
hotspot.S17.ambient 2.name,Lipa,name,
look.S17.ambient 2,"Pri okraji dvora zostal len slabý, poškodený stromček. V základnej línii sa do 2020 nezachoval.",look,
look.S17.ambient 2.variant1,"Lipa, ktorú sme ochránili v 1982, má mladú pevnú korunu. Viditeľný dôsledok jednej odklonenej trasy vozíka.",look,
hotspot.S17.rhythm.name,Rytmický nákres,name,
look.S17.rhythm,"Pod nákresom stojí TRI VLNY, DVA ÚDERY, ŠESŤ DIELIKOV. Sú to tri číslice nastavenia 3–2–6; kópia ide do zápisníka.",look,
exit.S17.to_S12.label,Pred ZŠ Sokolíkova,name,
exit.S17.to_S18.label,Sídliskový dvor s kioskom,name,
conn.S17.S18.label,Sídliskový dvor s kioskom,name,
room.S30.name,Nábrežný merací prístrešok,name,
entry.S30.001,Dunaj tečie správnym smerom. Som tu teda najpodozrivejší dopravný prostriedok.,line,ADAM
hotspot.S30.ambient 1.name,Loď,name,
look.S30.ambient 1,Cestuje po vode. Zdravý konzervatívny prístup.,look,
hotspot.S30.ambient 2.name,Zábradlie,name,
look.S30.ambient 2,Toto si nechám medzi sebou a Dunajom.,look,
hotspot.S30.coil.name,Držiak meracej cievky,name,
look.S30.coil,Tento kruhový držiak čaká na Deziderovu slučku. Je mechanicky kľúčovaný; opačne ju nevložím.,look,
hotspot.S30.dial.name,Tri kalibračné číslice,name,
look.S30.dial,Tri kolieska od nuly po deväť. Potrebujem mapu zapojenia aj rytmický nákres zo školského dvora.,look,
hotspot.S30.metro.name,Stolík s rytmickou značkou,name,
look.S30.metro,Držiak pre mechanický metronóm. Rytmus má byť nezávislý od elektrickej siete.,look,
exit.S30.to_S28.label,Petržalský podchod,name,
room.S18.name,Sídliskový dvor s kioskom,name,
entry.S18.001,"Kiosk predáva noviny, žuvačky a správy, ktoré v novinách ešte nie sú.",line,ADAM
hotspot.S18.ZITA.name,Zita Ondrušová,name,
look.S18.ZITA,Zita by mohla vydávať miestne noviny z pamäti.,look,
hotspot.S18.ambient 1.name,Žuvačkové obaly,name,
look.S18.ambient 1,Celý svet na kúsku papiera a lepivý dôsledok.,look,
hotspot.S18.ambient 2.name,Noviny,name,
look.S18.ambient 2,Na titulke nič o cestovaní v čase. Zatiaľ slušná práca.,look,
exit.S18.to_S11.label,Dúbravská zastávka,name,
exit.S18.to_S17.label,Školský dvor,name,
topic.ARCHIVAR.ambient 1.001,Podľa hodnoty obsahu.,line,KAROL
topic.ARCHIVAR.ambient 1.002,A keď sa hodnota ukáže neskôr?,line,ADAM
topic.ARCHIVAR.ambient 1.003,Preto nerád vyhadzujem veci skôr.,line,KAROL
topic.ARCHIVAR.ambient 1.label,Ako dlho sa archivuje?,topic_label,
topic.ARCHIVAR.ambient 2.001,Je tu krásne ticho.,line,ADAM
topic.ARCHIVAR.ambient 2.002,"Prosím, nehodnoťte ho nahlas.",line,KAROL
topic.ARCHIVAR.ambient 2.label,Ticho v študovni,topic_label,
topic.DEZI.ambient 1.001,"Ľudí, ktorí chcú niekomu povedať, že ich počuť.",line,DEZI
topic.DEZI.ambient 1.002,Taká sieť by mohla mať budúcnosť.,line,ADAM
topic.DEZI.ambient 1.label,Čo zachytávate?,topic_label,
topic.DEZI.ambient 2.001,"Presnosť nie je, keď všetko ukazuje rovnako. Je to, keď vieš, prečo niečo ukazuje inak.",line,DEZI
topic.DEZI.ambient 2.002,Toto si radšej zapíšem.,line,ADAM
topic.DEZI.ambient 2.label,Presnosť,topic_label,
topic.EMIL.ambient 1.001,"To, čo si pamätám. A kde zabudnem, to je improvizácia.",line,EMIL
topic.EMIL.ambient 1.002,Takto robím aj servisné výkazy.,line,ADAM
topic.EMIL.ambient 1.label,Čo hráte?,topic_label,
topic.EMIL.ambient 2.001,"Najvernejšia je pani, čo čaká na opačný smer.",line,EMIL
topic.EMIL.ambient 2.002,Možno si vybrala zastávku podľa programu.,line,ADAM
topic.EMIL.ambient 2.label,Publikum,topic_label,
topic.FOTO.ambient 1.001,Ako dlho vyvolanie potrvá?,line,ADAM
topic.FOTO.ambient 1.002,Tento technický záber pripravím hneď. Vy zatiaľ počkajte pri suchom pulte.,line,ALENA
topic.FOTO.ambient 1.003,"Konečne časový údaj, ktorému rozumiem.",line,ADAM
topic.FOTO.ambient 1.label,Ako dlho vyvolanie trvá?,topic_label,
topic.FOTO.ambient 2.001,"Najlepšie zábery vznikajú, keď si myslia, že už nefotím.",line,ALENA
topic.FOTO.ambient 2.002,Takže ten zvuk uzávierky je hlavne informačná asymetria.,line,ADAM
topic.FOTO.ambient 2.label,Ľudia na fotkách,topic_label,
topic.JANA95.ambient 1.001,"S rozvrhom, papiermi aj prípravou miestnosti. Krúžok vždy potrebuje niekoho, kto dá veciam miesto.",line,JANA95
topic.JANA95.ambient 1.002,Najmä keď pribudne nový nápad.,line,ADAM
topic.JANA95.ambient 1.label,Pomáhate s krúžkom?,topic_label,
topic.JURAJ.ambient 1.001,Každý sa na ne pozerá zvonka. Ja kreslím tie svetlá v oknách.,line,JURAJ
topic.JURAJ.ambient 1.002,To je podstatne väčšia mapa.,line,ADAM
topic.JURAJ.ambient 1.label,Prečo paneláky?,topic_label,
topic.JURAJ.ambient 2.001,Jasné. Tu. Aj s pečiatkou.,line,JURAJ
topic.JURAJ.ambient 2.002,"Umenie, ktoré prežilo administratívu. Rešpekt.",line,ADAM
topic.JURAJ.ambient 2.label,Máte povolenie?,topic_label,
topic.JURO.ambient 1.001,"Majú stranu A aj B. Aspoň priznajú, že sa na vec dá pozrieť z dvoch strán.",line,JURO
topic.JURO.ambient 1.002,To sa mi môže hodiť.,line,ADAM
topic.JURO.ambient 1.label,Prečo kazety?,topic_label,
topic.JURO.ambient 2.001,"Trochu šumu nevadí. Vadí, keď kvôli nemu zahodíš hudbu.",line,JURO
topic.JURO.ambient 2.002,Skúsim to niekomu zopakovať v budúcnosti.,line,ADAM
topic.JURO.ambient 2.label,Šum,topic_label,
topic.LEA95.after.001,"Mira raz priniesla program z Ivanky. Žiaden strach, miláčik. Deti sa tomu názvu smejú dodnes.",line,LEA95
topic.LEA95.after.002,Aspoň program prežil všetky tri dejstvá.,line,ADAM
topic.LEA95.after.label,Ochotnícka veta,topic_label,
topic.LEA95.ambient 1.001,"Čokoľvek, čo by si chceli zapamätať. Aj keď im to dnes pripadá hlúpe.",line,LEA95
topic.LEA95.ambient 1.002,To je veľmi veľký archív.,line,ADAM
topic.LEA95.ambient 1.003,Našťastie.,line,LEA95
topic.LEA95.ambient 1.label,Čo majú deti nahrávať?,topic_label,
topic.LEA95.ambient 2.001,Aj tie. Niekedy práve tam rozmýšľame.,line,LEA95
topic.LEA95.ambient 2.002,Mne by to vydalo na samostatnú kazetu.,line,ADAM
topic.LEA95.ambient 2.label,Aj prestávky medzi slovami?,topic_label,
topic.MILADA.ambient 1.001,"Keď niekto tvrdí, že to bolo vždy takto.",line,MILADA
topic.MILADA.ambient 1.002,"Dnes je to výstižnejšie, než by ste chceli.",line,ADAM
topic.MILADA.ambient 1.label,Čo je najťažšie opraviť?,topic_label,
topic.MILADA.ambient 2.001,Aj kábel potrebuje správny kabát.,line,MILADA
topic.MILADA.ambient 2.002,Najmä keď sa nechce dotýkať ostatných.,line,ADAM
topic.MILADA.ambient 2.label,Textil a elektronika,topic_label,
topic.MIRA95.after.001,V starom registri je znovu celé číslo uloženia. Niečo si napravil.,line,MIRA95
topic.MIRA95.after.002,"Skôr som zabránil tomu, aby sa stratilo to, čo už bolo správne.",line,ADAM
topic.MIRA95.after.003,To býva lepšia oprava.,line,MIRA95
topic.MIRA95.after.label,Zachovaný začiatok,topic_label,
topic.MIRA95.ambient 1.001,"Budovy sa fotia. Ale ako znie prestávka, to o dvadsať rokov nikto nevie.",line,MIRA95
topic.MIRA95.ambient 1.002,Niekedy to počujem aj dnes.,line,ADAM
topic.MIRA95.ambient 1.003,"Tak potom vieš, načo to robíme.",line,MIRA95
topic.MIRA95.ambient 1.label,Prečo nahrávať školu?,topic_label,
topic.MIRA95.ambient 2.001,"Máš zvláštny spôsob, ako držíš skrutkovač. Poznám niekoho podobného.",line,MIRA95
topic.MIRA95.ambient 2.002,Možno rodinná chyba.,line,ADAM
topic.MIRA95.ambient 2.003,Tak ju neopravuj. Funguje.,line,MIRA95
topic.MIRA95.ambient 2.label,Poznáme sa?,topic_label,
topic.PALI.ambient 1.001,Akú dávate záruku?,line,ADAM
topic.PALI.ambient 1.002,"Že poviem pravdu, ak sa to neoplatí.",line,PALI
topic.PALI.ambient 1.003,Nadštandardná služba.,line,ADAM
topic.PALI.ambient 1.label,Záruka,topic_label,
topic.PALI.ambient 2.001,Budú menšie. Ale skrutky nezmiznú.,line,PALI
topic.PALI.ambient 2.002,Niektoré sa schovajú pod lepidlo.,line,ADAM
topic.PALI.ambient 2.003,Také slová sa tu nehovoria.,line,PALI
topic.PALI.ambient 2.label,Nové technológie,topic_label,
topic.SONA.ambient 1.001,My. Ale výsledok nie je dôležitý.,line,SONA
topic.SONA.ambient 1.002,To povedal tréner?,line,ADAM
topic.SONA.ambient 1.003,"Nie. Tí, čo prehrali.",line,SONA
topic.SONA.ambient 1.label,Kto vyhral?,topic_label,
topic.SONA.ambient 2.001,"Že keď niečo nahráme zle, môžeme to počuť ešte raz.",line,SONA
topic.SONA.ambient 2.002,To sa dospelým nie vždy páči.,line,ADAM
topic.SONA.ambient 2.label,Čo je najlepšie na krúžku?,topic_label,
topic.TONO.ambient 1.001,"To, čo sa malo samo vrátiť na miesto.",line,TONO
topic.TONO.ambient 1.002,Myslíte veci?,line,ADAM
topic.TONO.ambient 1.003,Niekedy aj žiakov.,line,TONO
topic.TONO.ambient 1.label,Čo sa najviac kazí?,topic_label,
topic.TONO.ambient 2.001,"Zapísať sa, držať sa kabinetu a triedy krúžku. Deti si nefotiť.",line,TONO
topic.TONO.ambient 2.002,Rozumiem. Dnes sa vyhýbam aj vlastnej triednej fotografii.,line,ADAM
topic.TONO.ambient 2.label,Školské pravidlá,topic_label,
topic.TRH.ambient 1.001,Každá je originál. Niektorá dokonca patrí k obalu.,line,FERO
topic.TRH.ambient 1.002,Cení sa úprimnosť.,line,ADAM
topic.TRH.ambient 1.label,Originálne súčiastky?,topic_label,
topic.TRH.ambient 2.001,"Záleží, ako veľmi ho človek potrebuje. Ale školskému rozhlasu pomôžeme.",line,FERO
topic.TRH.ambient 2.002,Aj keď bude potom oznamovať písomky?,line,ADAM
topic.TRH.ambient 2.003,Tak bez záruky na obsah.,line,FERO
topic.TRH.ambient 2.label,Čo stojí konektor?,topic_label,
topic.VIERA.ambient 1.001,Máte niečo o cestovaní v čase?,line,ADAM
topic.VIERA.ambient 1.002,"Vráť sa včera, práve som to predala.",line,VIERA
topic.VIERA.ambient 1.003,"Prosím vás, dnes opatrne s takými vetami.",line,ADAM
topic.VIERA.ambient 1.label,Kniha bez konca,topic_label,
topic.VIERA.ambient 2.001,Kniha sa predá. Príloha sa stratí. Tak som prestala veriť ich spoločnému bývaniu.,line,VIERA
topic.VIERA.ambient 2.002,Riešim podobný problém v rodine času.,line,ADAM
topic.VIERA.ambient 2.label,Prečo mapové prílohy osobitne?,topic_label,
topic.ZITA.ambient 1.001,Čerstvé sú za príplatok. O včerajších ti poviem sama.,line,ZITA
topic.ZITA.ambient 1.002,Ja by som výnimočne bral tie spred dvadsiatich piatich rokov.,line,ADAM
topic.ZITA.ambient 1.label,Čerstvé správy,topic_label,
topic.ZITA.ambient 2.001,"Opravili lavičku. Ľudia nadávajú, že je čerstvo natretá.",line,ZITA
topic.ZITA.ambient 2.002,Dobrý koniec s pokračovaním.,line,ADAM
topic.ZITA.ambient 2.label,Čo je nové na sídlisku?,topic_label,
item.LETTER,Povolenie pracovať s jej technickým fondom v študovni.,look,
item.LETTER.name,Mirino poverenie,name,
item.LETTER.purpose,Predložiť Karolovi.,goal,
item.BELT_OLD,Zo školského magnetofónu; Pali podľa neho pozná rozmer.,look,
item.BELT_OLD.name,Rozpadnutý remienok,name,
item.BELT_OLD.purpose,Vzor pre opravára.,goal,
item.BELT_NEW,Pali vybral presný rozmer. Nie je z toho prak ani náhradná gumička do vlasov.,look,
item.BELT_NEW.name,Nový remienok,name,
item.BELT_NEW.purpose,Opraviť mechaniku kazety.,goal,
item.TAPE_RAW,"Zvukový atlas ZŠ Sokolíkova 1995. Dve stopy sú proti sebe, obsah stále existuje.",look,
item.TAPE_RAW.name,Kazeta s rušenými stopami,name,
item.TAPE_RAW.purpose,Juro určí problém; prehratie správnym adaptérom.,goal,
item.ADAPTER,"Obvod je hotový, chýba konektor a izolácia vývodu. Juro označil kontakty zhodnými symbolmi.",look,
item.ADAPTER.name,Krížový adaptér bez konektora,name,
item.ADAPTER.purpose,Zostaviť servisnú zvukovú prepojku.,goal,
item.CONNECTOR,Fero ho dal za opravu váhy. Kontakty sa zaklapnú do označených pozícií.,look,
item.CONNECTOR.name,Dvojpólový konektor,name,
item.CONNECTOR.purpose,Spojiť s adaptérom.,goal,
item.BRAID,Miladin odrezok izolácie pre nízkonapäťový zvukový kábel.,look,
item.BRAID.name,Textilná izolačná návlečka,name,
item.BRAID.purpose,Zakryť vývod adaptéra.,goal,
item.LINK_OPEN,"Konektor sedí, ale odkryté vývody ešte nemajú ochranu.",look,
item.LINK_OPEN.name,Zapojený neizolovaný adaptér,name,
item.LINK_OPEN.purpose,Nasunúť izolačnú návlečku.,goal,
item.STEREOLINK,Krížový adaptér s konektorom aj izoláciou.,look,
item.STEREOLINK.name,Hotová zvuková prepojka,name,
item.STEREOLINK.purpose,Zapojenie pri školskom magnetofóne.,goal,
item.TAPE,Stopy sú správne prečítané a chronometer ich chráni. Lea a desaťročný Adam sú zreteľne počuteľní. Originál sa neprepisoval.,look,
item.TAPE.name,Pôvodná školská kazeta,name,
item.TAPE.purpose,Dôkaz Hlas 1995; porovnanie v Atlase.,goal,
item.DIAGRAM,Podklad mapy troch dobových meracích bodov. Priesvitná vrstva chýba.,look,
item.DIAGRAM.name,Mapa bez priehľadnej vrstvy,name,
item.DIAGRAM.purpose,Spojiť s presne zhodnou fóliou.,goal,
item.NEGATIVE,Negatív fotozáznamu meracej zostavy s evidenčným číslom prílohy.,look,
item.NEGATIVE.name,Technický fotografický negatív,name,
item.NEGATIVE.purpose,Alena spraví čitateľný pozitív.,goal,
item.CALPHOTO,"Na stole je príloha K-17; jej priehľadnú vrstvu má antikvariát. Fotografia je dokument, nie hádanka na zoom.",look,
item.CALPHOTO.name,Fotografia kalibračného stojana,name,
item.CALPHOTO.purpose,Nájsť správnu mapovú fóliu.,goal,
item.OVERLAY,"Tri registračné body: dierka, dvojitý kríž a štvorec.",look,
item.OVERLAY.name,Priehľadná mapa K-17,name,
item.OVERLAY.purpose,Presne zarovnať s mapou.,goal,
item.NODEMAP,Zostava odkazuje na Deziderovu garáž a nábrežný merací bod. Chýbajúci rok sa zistí až kalibráciou.,look,
item.NODEMAP.name,Úplná mapa uzlov,name,
item.NODEMAP.purpose,Identifikácia zariadenia a kalibrácia 1995.,goal,
item.COIL,Izolovaná slučka určená do kruhového držiaka na nábreží.,look,
item.COIL.name,Deziderova meracia cievka,name,
item.COIL.purpose,Zachytiť staršiu časovú adresu.,goal,
item.METRONOME,Požičaný mechanický zdroj pravidelného rytmu. Po skončení merania ho Dezider vráti Emilovi mimo obrazu.,look,
item.METRONOME.name,Emilov metronóm,name,
item.METRONOME.purpose,Nezávislá časová referencia 1995.,goal,
item.KEEPERNOTE,"Po oprave múrika zostala dutina na pôvodnej mriežke 3 × 4: rad 2, stĺpec 3. Pri výmene lavičky nenechal miesto zamurovať.",look,
item.KEEPERNOTE.name,Tónova poznámka z roku 1995,name,
item.KEEPERNOTE.purpose,Potvrdenie pokračovania dohody a presné vodidlo do 2020.,goal,
item.TEAMNEG,"Zabudnutá školská zákazka, ktorú Zita smie vydať na Soninu prosbu.",look,
item.TEAMNEG.name,Obálka s tímovým negatívom,name,
item.TEAMNEG.purpose,Dať vyvolať Alene.,goal,
item.TEAMPHOTO,"Celý tím vrátane chlapca v zadnom rade, ktorý je mladým Adamom. Fotografia je určená do školského albumu.",look,
item.TEAMPHOTO.name,Fotografia družstva,name,
item.TEAMPHOTO.purpose,Vrátiť Soni.,goal,
item.SCORE,"Autorská fiktívna melódia Štyri zastávky. Štyri takty, žiadna známa chránená skladba.",look,
item.SCORE.name,Noty k Emilovej skladbe,name,
item.SCORE.purpose,Vrátiť Emilovi.,goal,
item.CHALK,Tóno povolil jeden kus na schválený komunitný panel.,look,
item.CHALK.name,Biela školská krieda,name,
item.CHALK.purpose,Dokresliť Jurajovu mapu svetiel.,goal,
quest.M03.goal,Získať povolenie a dva hlavné ciele bratislavskej kapitoly.,goal,
quest.M03.hint.1,Prečítaj nástenku pri škole.,hint,
quest.M03.hint.2,Opravárska pomoc je vítaná. Školník rozpozná prístroj s označením krúžku.,hint,
quest.M03.hint.3,Oznam krúžku na nástenke → chronometer na Tóna → rozhovor s Mirou v triede pamäťového krúžku.,hint,
quest.M03.title,Späť v škole,name,
quest.M04.goal,Bez poškodenia vysunúť kazetu.,goal,
quest.M04.hint.1,Školský magnetofón má mechanickú chybu.,hint,
quest.M04.hint.2,S náradím vyber starý remienok; Pali v Karlovej Vsi poskytne zhodný nový.,hint,
quest.M04.hint.3,Náradie na kazetový mechanizmus → starý remienok na Paliho v opravovni → nový remienok na kazetový mechanizmus.,hint,
quest.M04.title,Mechanika kazety,name,
quest.M05.goal,Obnoviť správne čítanie pôvodných stôp.,goal,
quest.M05.hint.1,Juro v Ružinove rozumie starým páskam.,hint,
quest.M05.hint.2,Adaptér potrebuje konektor od Fera a izoláciu od Milady.,hint,
quest.M05.hint.3,Kazeta na Jura → náradie na Ferovu váhu → Milada o návlečku → konektor + adaptér → návlečka + zapojený adaptér → hotová prepojka na servisný zvukový vstup.,hint,
quest.M05.title,Hlasy sa nerušia,name,
quest.M06.goal,Zložiť presnú mapu meracích uzlov.,goal,
quest.M06.hint.1,Mira dala poverenie do študovne v centre.,hint,
quest.M06.hint.2,"Negatív nechaj vyvolať; fotografia určí prílohu, ktorú drží antikvariát.",hint,
quest.M06.hint.3,Poverenie na Karola v archívnej študovni → negatív na Alenu vo fotoateliéri → fotografia na Vieru v antikvariáte → fólia + mapa → pri zarovnaní fólie otočiť o 180° a potvrdiť.,hint,
quest.M06.title,Mapa v troch kusoch,name,
quest.M07.goal,Prečítať adresu Ivanka 1960.,goal,
quest.M07.hint.1,S mapou choď za rádioamatérom v Petržalke.,hint,
quest.M07.hint.2,"Dezider dá cievku, Emil metronóm. Tri číslice sú na paneli na školskom dvore.",hint,
quest.M07.hint.3,Mapa na Deziho → požičať metronóm → klik na rytmický nákres na školskom dvore → cievka na držiak v nábrežnom meracom prístrešku → metronóm na stolík → po získaní pôvodnej kazety nastaviť 3–2–6.,hint,
quest.M07.title,Rytmus na Dunaji,name,
quest.M11C.goal,Overiť Tónovu pamäť v 1995 a vyzdvihnúť ten istý kus v 2020.,goal,
quest.M11C.hint.1,Navštív toho istého školníka v 1995; pozná vetu Lastovička sa vracia.,hint,
quest.M11C.hint.2,"Dvor 2020 má po ochrane stromu inú podobu, ale pôvodnú mriežku tehál.",hint,
quest.M11C.hint.3,"Téma Lastovička sa vracia u Tóna vo vstupnej chodbe → servisná brašna na miesto pôvodnej dutiny na dvore 2020 → v múriku rad 2, stĺpec 3 → brašna + vyzdvihnutý pohár → zachovaný návratový mostík na Tóna pri servisnom okne.",hint,
quest.M11C.title,Tridsaťosem rokov v jednom pohári,name,
quest.Q3.goal,Vrátiť Soni kompletnú tímovú fotografiu.,goal,
quest.Q3.hint.1,Soňa na školskom dvore hľadá fotografiu.,hint,
quest.Q3.hint.2,"Zita v kiosku drží negatív, Alena v ateliéri ho vyvolá.",hint,
quest.Q3.hint.3,Soňa na školskom dvore → Zita pri kiosku → tímový negatív na Alenu vo fotoateliéri → tímová fotografia na Soňu.,hint,
quest.Q3.reward,Strana školského albumu s celým tímom a krátkou poznámkou dospelého Adama.,goal,
quest.Q3.title,Celý tím na jednej fotke,name,
quest.Q4.goal,Vrátiť hudobníkovi vlastnú dokončenú melódiu.,goal,
quest.Q4.hint.1,Emil si nepamätá posledné takty.,hint,
quest.Q4.hint.2,Jeho vlastné noty zostali u Viery v antikvariáte.,hint,
quest.Q4.hint.3,Téma melódie u Emila na Karloveskom nástupišti → Viera v antikvariáte → noty na Emila.,hint,
quest.Q4.reward,Autorská melódia v albume a nová ambientná stopa kaviarne 2035.,goal,
quest.Q4.title,Štyri zastávky,name,
quest.Q5.goal,Doplniť povolený komunitný výtvarný panel.,goal,
quest.Q5.hint.1,Juraj v podchode potrebuje bielu kriedu.,hint,
quest.Q5.hint.2,Tóno na škole dovolí vziať jeden kus.,hint,
quest.Q5.hint.3,Juraj v podchode → po zápise návštevy Tóno vo vstupnej chodbe → krieda na panel v podchode.,hint,
quest.Q5.reward,Fotografia nástennej kresby v albume a neskoršia malá reprodukcia v galérii.,goal,
quest.Q5.title,Mapa rozsvietených okien,name,
puzzle.P02.clue,"Na podklade aj fólii sú dierka, dvojitý kríž a štvorec; v orientácii 180° sa všetky zhodujú. Bez pixelového presúvania.",clue,
puzzle.P02.confirm,Zarovnať tri značky,option,
puzzle.P02.success,"Sedí dierka, kríž aj štvorec. Mapa je celá.",line,ADAM
puzzle.P02.title,Zarovnanie mapovej fólie,name,
puzzle.P02.wrong,"Jedna značka sedí, ďalšie dve nie. Fólia bude otočená.",line,ADAM
journal.clue.P02,tri registračné značky a otočenie 180°,clue,
puzzle.P03.clue,"Rytmický nákres a zápisník: TRI VLNY, DVA ÚDERY, ŠESŤ DIELIKOV.",clue,
puzzle.P03.confirm,Odmerať,option,
puzzle.P03.success,"Pôvodná referencia nájdená: Ivanka pri Dunaji, 6. júna 1960.",line,SYSTEM
puzzle.P03.title,Nábrežná kalibrácia,name,
puzzle.P03.wrong,Meranie nedáva zhodu. Číslice sú na nákrese zo školského dvora.,line,ADAM
journal.clue.P03,3–2–6,clue,
char.ARCHIVAR.name,Karol Merta,name,
char.DEZI.name,Dezider Kováč,name,
char.EMIL.name,Emil Belan,name,
char.FOTO.name,Alena Svobodová,name,
char.JANA95.name,Jana Vargová,name,
char.JURAJ.name,Juraj Križan,name,
char.JURO.name,Juraj Malík zvaný Juro Kazeta,name,
char.LEA95.name,Lea Kormanová,name,
char.MILADA.name,Milada Kyselová,name,
char.MIRA95.name,Mira Hrušková,name,
char.PALI.name,Pavol Drobný,name,
char.SONA.name,Soňa Urbanová,name,
char.TONO.name,Anton Farkaš,name,
char.TRH.name,Fero Lánik,name,
char.VIERA.name,Viera Holubová,name,
char.ZITA.name,Zita Ondrušová,name,
